chalcopyrite1.jpg,chalcopyrite2.png,chalcopyrite3.png,pyrite1.png,pyrite2.png
3895.0,56411,709.0,5651.0,6.0
49.0,909,24.0,6.0,6.0
1288.0,1627,10.0,27.0,3262.0
19581.0,3280,20.0,30.0,13.0
70.0,854,34.0,189.0,6.0
52.0,319,8.0,25.0,492.0
9.0,106,6.0,18.0,32.0
59.0,604,10.0,28.0,166.0
59.0,3969,6.0,9.0,142.0
25.0,746,81.0,139.0,16.0
88.0,561,6.0,366.0,14.0
12.0,108,38.0,408.0,6.0
52.0,172,148.0,15.0,8.0
213.0,389,29.0,108.0,436.0
441.0,1976,21.0,406.0,17.0
21.0,102,55.0,323.0,56.0
22.0,267,10.0,58.0,44.0
296.0,256,12.0,12.0,171.0
52.0,62,57.0,40.0,36.0
693.0,313,14.0,212.0,95.0
9.0,592,8.0,101.0,6.0
16.0,18,10.0,18.0,99.0
12.0,24,8.0,24.0,18.0
44.0,190,602.0,9.0,53.0
18.0,118,93.0,18.0,8.0
23.0,24,16.0,9.0,17.0
25.0,279,448.0,28.0,153.0
16.0,25,8.0,12.0,33.0
9.0,50,6.0,83.0,6.0
12.0,92,6.0,9.0,6.0
30.0,29,10.0,27.0,19.0
15.0,129,14.0,9.0,11.0
9.0,69,8.0,9.0,11.0
9.0,168,14.0,49.0,31.0
499.0,206,49.0,15.0,20.0
9.0,156,33.0,12.0,78.0
18.0,298,14.0,645.0,102.0
23.0,67,6.0,43.0,57.0
9.0,14,132.0,19.0,21.0
9.0,205,6.0,26.0,10.0
9.0,178,106.0,22.0,40.0
26.0,27,8.0,21.0,6.0
9.0,65,21.0,45.0,32.0
9.0,26,65.0,12.0,9.0
60.0,49,25.0,9.0,104.0
12.0,22,623.0,31.0,40.0
12.0,12,96.0,9.0,17.0
18.0,15,15.0,14.0,24.0
26.0,623,95.0,9.0,59.0
24.0,12,46.0,9.0,9.0
93.0,92,45.0,6.0,30.0
12.0,51,72.0,12.0,9.0
18.0,37,9.0,23.0,60.0
9.0,24,73.0,9.0,9.0
9.0,77,15.0,9.0,15.0
17.0,21,20.0,45.0,27.0
121.0,311,9.0,18.0,146.0
9.0,60,12.0,18.0,82.0
18.0,401,15.0,9.0,129.0
20.0,60,12.0,49.0,207.0
30.0,25,9.0,12.0,9.0
9.0,52,44.0,15.0,9.0
15.0,12,15.0,9.0,18.0
9.0,12,15.0,311.0,15.0
29.0,248,40.0,55.0,32.0
9.0,92,72.0,9.0,9.0
24.0,43,85.0,22.0,38.0
15.0,72,19.0,16.0,18.0
15.0,149,53.0,159.0,9.0
9.0,233,21.0,23.0,48.0
110.0,61,410.0,100.0,31.0
9.0,45,340.0,14.0,45.0
12.0,135,9.0,23.0,30.0
9.0,54,15.0,18.0,42.0
12.0,47,52.0,92.0,49.0
12.0,191,75.0,9.0,187.0
14.0,75,35.0,9.0,12.0
92.0,48,34.0,26.0,29.0
39.0,386,15.0,9.0,71.0
9.0,264,9.0,63.0,22.0
12.0,123,40.0,1242.0,71.0
57.0,154,9.0,18.0,9.0
12.0,169,28.0,9.0,1130.0
37.0,51,20.0,42.0,53.0
41.0,165,390.0,30.0,18.0
30.0,100,15.0,69.0,100.0
33.0,42,23.0,34.0,18.0
9.0,9,87.0,125.0,35.0
9.0,29,15.0,72.0,139.0
12.0,557,131.0,56.0,12.0
19.0,108,37.0,22.0,12.0
24.0,317,26.0,41.0,52.0
17.0,417,37.0,76.0,31.0
9.0,36,43.0,34.0,20.0
43.0,417,87.0,9.0,12.0
23.0,811,17.0,37.0,57.0
70.0,51,9.0,21.0,9.0
9.0,45,9.0,6.0,12.0
9.0,37,22.0,54.0,15.0
17.0,46,88.0,18.0,67.0
9.0,177,42.0,12.0,40.0
9.0,444,21.0,9.0,15.0
9.0,9,9.0,9.0,9.0
9.0,264,15.0,18.0,48.0
12.0,123,113.0,38.0,26.0
9.0,88,36.0,25.0,32.0
145.0,107,25.0,16.0,94.0
9.0,31,32.0,24.0,242.0
9.0,33,390.0,15.0,9.0
9.0,35,9.0,15.0,6.0
43.0,52,140.0,26.0,49.0
9.0,127,32.0,18.0,59.0
17.0,20,77.0,12.0,222.0
9.0,75,12.0,9.0,50.0
12.0,106,61.0,15.0,36.0
9.0,133,9.0,41.0,18.0
9.0,112,315.0,9.0,12.0
18.0,93,35.0,128.0,206.0
30.0,575,62.0,33.0,9.0
9.0,304,60.0,48.0,116.0
45.0,389,34.0,42.0,114.0
15.0,85,98.0,23.0,125.0
34.0,158,133.0,14.0,74.0
27.0,21,9.0,20.0,21.0
9.0,23,49.0,9.0,33.0
9.0,46,187.0,26.0,74.0
112.0,14,31.0,9.0,256.0
64.0,41,61.0,15.0,15.0
24.0,69,22.0,25.0,29.0
9.0,827,15.0,36.0,142.0
9.0,14,47.0,19.0,164.0
53.0,56,28.0,16.0,56.0
24.0,113,29.0,9.0,71.0
15.0,56,9.0,15.0,33.0
12.0,169,12.0,159.0,203.0
15.0,80,175.0,9.0,9.0
19.0,345,48.0,9.0,99.0
9.0,26,12.0,49.0,25.0
22.0,887,92.0,15.0,53.0
54.0,87,18.0,67.0,227.0
12.0,76,41.0,25.0,63.0
38.0,189,9.0,20.0,127.0
9.0,48,9.0,298.0,49.0
21.0,195,63.0,264.0,85.0
24.0,9,61.0,17.0,157.0
18.0,56,9.0,24.0,91.0
19.0,85,42.0,20.0,101.0
135.0,109,14.0,71.0,103.0
67.0,18,9.0,28.0,20.0
275.0,119,29.0,296.0,51.0
9.0,152,14.0,12.0,20.0
9.0,41,53.0,28.0,45.0
12.0,150,133.0,33.0,9.0
33.0,20,12.0,9.0,49.0
9.0,23,58.0,12.0,9.0
12.0,12,12.0,14.0,9.0
100.0,15,24.0,9.0,155.0
24.0,82,9.0,27.0,34.0
9.0,17,9.0,16.0,12.0
33.0,51,21.0,16.0,26.0
55.0,12,32.0,18.0,86.0
30.0,12,9.0,14.0,104.0
9.0,79,28.0,12.0,50.0
24.0,78,18.0,44.0,86.0
9.0,9,9.0,469.0,9.0
14.0,67,16.0,12.0,109.0
29.0,56,682.0,15.0,57.0
22.0,386,20.0,19.0,9.0
33.0,214,12.0,15.0,34.0
18.0,312,9.0,18.0,20.0
32.0,185,129.0,28.0,9.0
22.0,49,9.0,15.0,197.0
32.0,12,25.0,18.0,15.0
28.0,41,9.0,27.0,93.0
2014.0,21,29.0,23.0,76.0
25.0,38,426.0,25.0,22.0
9.0,61,22.0,44.0,326.0
48.0,60,189.0,282.0,17.0
26.0,9,18.0,20.0,53.0
15.0,84,32.0,22.0,48.0
45.0,82,15.0,9.0,9.0
50.0,69,9.0,46.0,53.0
14.0,136,31.0,159.0,9.0
9.0,38,18.0,9.0,20.0
46.0,73,41.0,103.0,9.0
27.0,57,9.0,164.0,53.0
512.0,69,21.0,102.0,61.0
61.0,344,9.0,18.0,32.0
9.0,425,47.0,24.0,40.0
21.0,459,80.0,137.0,19.0
12.0,557,12.0,15.0,12.0
23.0,47,9.0,49.0,111.0
27.0,25,9.0,12.0,9.0
34.0,106,12.0,9.0,23.0
9.0,81,9.0,23.0,9.0
43.0,33,94.0,32.0,99.0
96.0,100,23.0,19.0,24.0
29.0,652,42.0,42.0,15.0
38.0,139,24.0,12.0,68.0
15.0,21,9.0,15.0,9.0
45.0,492,58.0,42.0,95.0
12.0,66,204.0,9.0,47.0
54.0,86,14.0,9.0,53.0
18.0,689,20.0,44.0,200.0
33.0,1171,17.0,9.0,12.0
9.0,12,9.0,17.0,12.0
9.0,132,28.0,9.0,20.0
48.0,32,12.0,9.0,28.0
19.0,18,66.0,12.0,39.0
19.0,101,18.0,33.0,14.0
182.0,9,90.0,12.0,43.0
18.0,45,9.0,9.0,18.0
20.0,25,19.0,9.0,64.0
32.0,155,21.0,22.0,76.0
9.0,47,9.0,130.0,43.0
9.0,9,9.0,22.0,163.0
17.0,44,15.0,28.0,69.0
15.0,32,24.0,21.0,14.0
9.0,453,94.0,9.0,35.0
25.0,142,31.0,12.0,21.0
15.0,42,36.0,9.0,19.0
21.0,135,464.0,15.0,9.0
18.0,9,16.0,15.0,9.0
12.0,36,237.0,24.0,21.0
22.0,9,20.0,62.0,15.0
25.0,66,9.0,12.0,48.0
15.0,25,130.0,38.0,9.0
69.0,24,12.0,9.0,16.0
9.0,64,197.0,15.0,15.0
9.0,41,27.0,12.0,9.0
23.0,64,164.0,9.0,38.0
456.0,87,27.0,12.0,21.0
15.0,214,89.0,18.0,38.0
26.0,227,12.0,54.0,28.0
23.0,103,12.0,24.0,14.0
9.0,272,71.0,21.0,12.0
12.0,44,16.0,53.0,391.0
15.0,336,9.0,9.0,24.0
32.0,9,156.0,20.0,333.0
14.0,22,19.0,14.0,78.0
12.0,163,9.0,21.0,9.0
21.0,26,12.0,9.0,73.0
21.0,26,9.0,29.0,40.0
9.0,73,9.0,9.0,18.0
9.0,30,9.0,15.0,15.0
85.0,681,235.0,14.0,9.0
25.0,35,9.0,9.0,170.0
18.0,44,132.0,12.0,149.0
29.0,103,15.0,35.0,37.0
40.0,64,9.0,150.0,33.0
15.0,30,12.0,43.0,45.0
34.0,41,215.0,46.0,221.0
12.0,102,41.0,29.0,40.0
31.0,44,27.0,14.0,9.0
18.0,153,827.0,12.0,139.0
12.0,38,15.0,9.0,9.0
35.0,39,12.0,9.0,24.0
20.0,388,26.0,18.0,36.0
9.0,224,9.0,9.0,9.0
36.0,185,33.0,22.0,12.0
167.0,38,9.0,50.0,25.0
25.0,429,199.0,9.0,9.0
18.0,580,9.0,37.0,15.0
24.0,43,79.0,12.0,12.0
21.0,192,148.0,42.0,18.0
9.0,96,36.0,85.0,22.0
9.0,125,12.0,18.0,9.0
9.0,50,12.0,9.0,56.0
12.0,102,20.0,77.0,68.0
48.0,129,110.0,17.0,19.0
12.0,214,147.0,9.0,303.0
53.0,129,35.0,66.0,18.0
46.0,305,101.0,9.0,20.0
12.0,74,12.0,31.0,74.0
25.0,89,12.0,28.0,9.0
9.0,58,9.0,54.0,71.0
9.0,541,27.0,12.0,6.0
9.0,38,15.0,15.0,470.0
12.0,217,12.0,17.0,22.0
18.0,670,31.0,29.0,31.0
25.0,49,12.0,48.0,9.0
20.0,9,9.0,9.0,12.0
18.0,94,130.0,57.0,9.0
12.0,550,39.0,9.0,12.0
9.0,59,16.0,9.0,15.0
42.0,36,223.0,19.0,17.0
17.0,57,14.0,12.0,42.0
46.0,19,48.0,12.0,22.0
22.0,254,126.0,15.0,50.0
9.0,92,36.0,16.0,57.0
22.0,15,23.0,44.0,90.0
43.0,141,80.0,25.0,22.0
86.0,46,319.0,9.0,12.0
9.0,167,9.0,9.0,28.0
27.0,284,9.0,19.0,54.0
9.0,33,9.0,57.0,65.0
15.0,9,126.0,22.0,66.0
352.0,60,70.0,18.0,17.0
9.0,75,18.0,9.0,19.0
33.0,200,22.0,19.0,14.0
57.0,9,48.0,41.0,30.0
9.0,95,67.0,127.0,9.0
9.0,12,24.0,20.0,30.0
33.0,349,9.0,52.0,21.0
34.0,107,28.0,24.0,20.0
22.0,526,48.0,77.0,50.0
12.0,66,18.0,207.0,103.0
9.0,191,9.0,127.0,348.0
16.0,116,97.0,9.0,71.0
9.0,136,22.0,38.0,12.0
12.0,16,12.0,61.0,94.0
15.0,53,9.0,96.0,21.0
12.0,32,34.0,37.0,9.0
9.0,76,75.0,42.0,69.0
14.0,24,12.0,314.0,105.0
9.0,20,23.0,23.0,14.0
14.0,141,19.0,27.0,27.0
9.0,40,17.0,22.0,24.0
12.0,503,22.0,94.0,35.0
9.0,530,9.0,43.0,21.0
12.0,96,35.0,9.0,9.0
9.0,34,41.0,9.0,27.0
41.0,153,110.0,20.0,6.0
12.0,15,64.0,9.0,15.0
21.0,219,9.0,9.0,9.0
9.0,177,15.0,24.0,166.0
15.0,50,41.0,9.0,33.0
66.0,20,9.0,78.0,171.0
15.0,9,15.0,15.0,120.0
30.0,131,9.0,18.0,9.0
24.0,960,9.0,233.0,219.0
9.0,9,19.0,25.0,54.0
16.0,365,22.0,22.0,38.0
12.0,75,66.0,18.0,33.0
9.0,71,21.0,12.0,213.0
56.0,41,75.0,118.0,9.0
12.0,9,9.0,9.0,32.0
15.0,182,207.0,12.0,45.0
17.0,317,22.0,37.0,16.0
32.0,88,136.0,12.0,18.0
53.0,16,39.0,389.0,236.0
15.0,156,82.0,19.0,138.0
15.0,150,9.0,16.0,28.0
9.0,25,78.0,73.0,9.0
15.0,15,9.0,161.0,59.0
12.0,25,9.0,9.0,69.0
38.0,119,27.0,30.0,20.0
12.0,59,9.0,25.0,135.0
9.0,29,9.0,9.0,15.0
9.0,26,171.0,43.0,31.0
20.0,94,9.0,31.0,35.0
12.0,109,184.0,90.0,74.0
26.0,77,56.0,12.0,27.0
9.0,83,9.0,310.0,59.0
12.0,129,9.0,15.0,12.0
18.0,66,45.0,20.0,9.0
16.0,133,9.0,15.0,9.0
25.0,12,18.0,34.0,74.0
9.0,9,16.0,30.0,38.0
19.0,170,42.0,20.0,9.0
59.0,244,517.0,52.0,57.0
44.0,52,15.0,334.0,25.0
100.0,114,266.0,61.0,70.0
43.0,633,30.0,9.0,37.0
12.0,48,150.0,21.0,102.0
9.0,28,50.0,14.0,9.0
9.0,54,33.0,15.0,12.0
9.0,99,21.0,111.0,9.0
28.0,44,45.0,15.0,33.0
27.0,44,9.0,23.0,25.0
43.0,9,42.0,62.0,164.0
12.0,372,25.0,138.0,71.0
12.0,17,167.0,9.0,9.0
12.0,17,9.0,29.0,50.0
58.0,891,27.0,40.0,15.0
39.0,43,33.0,9.0,30.0
18.0,1712,9.0,23.0,140.0
15.0,22,16.0,9.0,29.0
19.0,38,38.0,9.0,21.0
9.0,402,30.0,37.0,24.0
21.0,29,18.0,52.0,59.0
9.0,751,379.0,314.0,33.0
47.0,1515,9.0,9.0,12.0
9.0,78,9.0,31.0,18.0
9.0,244,27.0,12.0,68.0
9.0,85,12.0,17.0,12.0
55.0,88,24.0,27.0,23.0
21.0,9,33.0,172.0,12.0
12.0,127,9.0,9.0,15.0
12.0,26,12.0,9.0,12.0
9.0,61,31.0,60.0,12.0
18.0,35,9.0,18.0,60.0
55.0,100,16.0,45.0,58.0
18.0,55,30.0,54.0,45.0
68.0,111,35.0,696.0,100.0
15.0,18,12.0,51.0,60.0
14.0,141,9.0,12.0,9.0
19.0,67,28.0,55.0,15.0
19.0,34,9.0,19.0,15.0
14.0,65,91.0,12.0,61.0
9.0,16,12.0,93.0,19.0
9.0,167,9.0,9.0,12.0
27.0,21,23.0,12.0,9.0
88.0,431,15.0,29.0,9.0
34.0,9,9.0,9.0,22.0
9.0,22,43.0,35.0,68.0
29.0,108,228.0,9.0,65.0
76.0,9,12.0,19.0,44.0
9.0,85,9.0,22.0,9.0
30.0,515,12.0,9.0,18.0
9.0,35,15.0,12.0,39.0
16.0,202,22.0,55.0,46.0
9.0,68,15.0,9.0,18.0
21.0,30,51.0,21.0,9.0
18.0,145,15.0,18.0,31.0
9.0,101,28.0,123.0,62.0
35.0,105,144.0,68.0,15.0
23.0,440,35.0,60.0,63.0
36.0,125,32.0,9.0,45.0
9.0,31,9.0,9.0,57.0
9.0,77,9.0,15.0,45.0
9.0,80,33.0,20.0,15.0
12.0,162,9.0,15.0,9.0
22.0,130,50.0,9.0,79.0
56.0,35,9.0,9.0,15.0
18.0,115,9.0,9.0,23.0
18.0,549,9.0,47.0,12.0
12.0,87,52.0,71.0,68.0
12.0,310,15.0,53.0,29.0
144.0,37,65.0,14.0,20.0
67.0,51,14.0,33.0,12.0
35.0,55,359.0,12.0,9.0
9.0,41,33.0,119.0,60.0
28.0,26,23.0,24.0,40.0
39.0,92,12.0,28.0,205.0
9.0,202,94.0,12.0,9.0
14.0,288,22.0,9.0,86.0
9.0,35,14.0,35.0,12.0
9.0,38,108.0,33.0,66.0
9.0,291,21.0,133.0,89.0
60.0,50,12.0,15.0,9.0
9.0,42,9.0,24.0,12.0
12.0,15,9.0,9.0,41.0
9.0,18,9.0,9.0,26.0
12.0,72,156.0,26.0,12.0
32.0,19,14.0,885.0,85.0
71.0,18,28.0,9.0,95.0
37.0,181,32.0,9.0,46.0
9.0,81,275.0,21.0,9.0
9.0,751,19.0,78.0,74.0
9.0,86,57.0,43.0,67.0
28.0,164,28.0,93.0,156.0
26.0,23,12.0,21.0,12.0
28.0,275,18.0,34.0,9.0
9.0,80,90.0,55.0,12.0
9.0,63,41.0,140.0,52.0
15.0,47,41.0,12.0,32.0
9.0,98,19.0,26.0,21.0
12.0,410,40.0,31.0,51.0
25.0,39,12.0,9.0,9.0
9.0,50,204.0,86.0,12.0
30.0,27,12.0,24.0,71.0
9.0,429,22.0,111.0,9.0
25.0,60,9.0,9.0,22.0
18.0,60,196.0,93.0,21.0
34.0,29,58.0,46.0,30.0
27.0,25,31.0,9.0,39.0
15.0,9,149.0,9.0,23.0
9.0,89,48.0,275.0,55.0
15.0,103,12.0,6.0,22.0
9.0,899,40.0,73.0,57.0
12.0,9,21.0,9.0,12.0
15.0,153,24.0,23.0,471.0
15.0,73,9.0,114.0,39.0
15.0,33,174.0,9.0,9.0
9.0,94,18.0,21.0,32.0
9.0,69,32.0,23.0,16.0
24.0,194,60.0,9.0,68.0
18.0,22,409.0,9.0,27.0
9.0,9,15.0,9.0,31.0
9.0,26,319.0,9.0,38.0
9.0,75,9.0,21.0,14.0
12.0,83,21.0,20.0,46.0
15.0,208,16.0,179.0,9.0
43.0,131,167.0,12.0,18.0
9.0,510,188.0,125.0,142.0
15.0,60,56.0,15.0,9.0
12.0,168,18.0,93.0,83.0
15.0,152,41.0,18.0,73.0
27.0,16,21.0,42.0,108.0
49.0,397,181.0,21.0,33.0
9.0,1305,45.0,48.0,25.0
9.0,30,43.0,28.0,31.0
46.0,15,9.0,21.0,16.0
15.0,214,48.0,43.0,29.0
12.0,388,17.0,75.0,109.0
12.0,12,22.0,30.0,30.0
201.0,151,19.0,26.0,9.0
20.0,54,100.0,19.0,24.0
14.0,514,34.0,33.0,32.0
14.0,377,9.0,12.0,37.0
18.0,99,137.0,1113.0,59.0
14.0,976,70.0,72.0,89.0
31.0,88,66.0,27.0,9.0
19.0,26,184.0,25.0,220.0
12.0,39,9.0,9.0,26.0
18.0,31,69.0,22.0,182.0
59.0,27,33.0,200.0,9.0
9.0,15,25.0,15.0,145.0
44.0,56,140.0,9.0,9.0
12.0,164,48.0,36.0,31.0
29.0,64,9.0,18.0,9.0
9.0,99,9.0,34.0,35.0
24.0,47,186.0,51.0,24.0
15.0,60,68.0,9.0,73.0
12.0,28,9.0,25.0,9.0
22.0,47,50.0,25.0,25.0
15.0,32,47.0,9.0,18.0
9.0,117,9.0,75.0,17.0
18.0,45,12.0,21.0,32.0
9.0,355,223.0,9.0,9.0
9.0,59,23.0,9.0,47.0
9.0,71,42.0,34.0,12.0
9.0,93,18.0,23.0,9.0
9.0,71,24.0,45.0,9.0
27.0,77,15.0,9.0,15.0
9.0,56,52.0,377.0,15.0
54.0,168,9.0,37.0,12.0
9.0,278,46.0,35.0,9.0
35.0,65,108.0,72.0,51.0
32.0,39,26.0,15.0,15.0
12.0,89,86.0,24.0,39.0
22.0,12,58.0,30.0,9.0
33.0,12,31.0,64.0,47.0
40.0,110,1186.0,9.0,9.0
31.0,41,51.0,49.0,12.0
28.0,95,107.0,76.0,9.0
15.0,20,445.0,9.0,82.0
19.0,415,9.0,18.0,18.0
48.0,39,183.0,35.0,39.0
14.0,112,15.0,45.0,63.0
89.0,36,45.0,51.0,79.0
18.0,274,104.0,45.0,50.0
39.0,56,102.0,12.0,43.0
12.0,434,20.0,131.0,30.0
83.0,104,12.0,30.0,60.0
9.0,21,104.0,63.0,33.0
27.0,72,153.0,23.0,43.0
15.0,53,17.0,80.0,9.0
12.0,9,22.0,12.0,48.0
9.0,28,173.0,9.0,72.0
15.0,12,65.0,14.0,41.0
17.0,1097,134.0,12.0,37.0
9.0,91,9.0,12.0,9.0
9.0,170,44.0,402.0,32.0
9.0,248,31.0,12.0,298.0
42.0,9,118.0,12.0,18.0
9.0,51,9.0,17.0,22.0
9.0,636,12.0,35.0,74.0
9.0,39,15.0,12.0,34.0
14.0,227,136.0,44.0,9.0
9.0,59,9.0,30.0,9.0
9.0,116,61.0,89.0,15.0
81.0,97,9.0,9.0,15.0
27.0,36,341.0,18.0,56.0
50.0,111,162.0,22.0,23.0
9.0,66,9.0,17.0,129.0
12.0,15,88.0,12.0,30.0
37.0,47,82.0,32.0,41.0
15.0,47,9.0,9.0,20.0
12.0,51,109.0,663.0,9.0
9.0,33,131.0,15.0,18.0
9.0,9,20.0,9.0,9.0
18.0,704,9.0,46.0,9.0
880.0,103,60.0,68.0,9.0
29.0,9,15.0,22.0,9.0
18.0,48,22.0,17.0,12.0
9.0,152,9.0,60.0,24.0
9.0,12,18.0,38.0,225.0
15.0,135,9.0,9.0,16.0
67.0,51,47.0,9.0,29.0
19.0,138,9.0,33.0,28.0
9.0,82,99.0,15.0,127.0
12.0,12,21.0,31.0,27.0
9.0,183,34.0,10.0,15.0
9.0,88,53.0,18.0,9.0
69.0,75,102.0,85.0,9.0
12.0,19,12.0,30.0,103.0
12.0,105,18.0,18.0,40.0
22.0,26,92.0,9.0,15.0
31.0,95,16.0,23.0,46.0
22.0,182,44.0,9.0,37.0
9.0,139,9.0,15.0,126.0
64.0,9,9.0,12.0,9.0
9.0,15,500.0,9.0,12.0
36.0,15,21.0,9.0,44.0
18.0,9,40.0,46.0,96.0
9.0,90,12.0,107.0,9.0
34.0,88,164.0,9.0,42.0
9.0,59,24.0,12.0,9.0
41.0,154,9.0,24.0,80.0
9.0,265,35.0,12.0,201.0
12.0,93,29.0,9.0,15.0
9.0,65,27.0,9.0,84.0
9.0,14,48.0,19.0,18.0
12.0,58,12.0,30.0,19.0
54.0,253,33.0,12.0,9.0
14.0,25,216.0,9.0,9.0
21.0,9,54.0,29.0,52.0
32.0,9,169.0,21.0,45.0
15.0,49,14.0,205.0,98.0
15.0,78,19.0,15.0,12.0
18.0,271,160.0,86.0,161.0
9.0,9,24.0,9.0,15.0
9.0,366,126.0,9.0,21.0
18.0,78,83.0,61.0,33.0
12.0,228,12.0,14.0,58.0
12.0,34,81.0,15.0,9.0
9.0,139,14.0,51.0,9.0
16.0,17,15.0,15.0,126.0
19.0,57,31.0,34.0,45.0
15.0,109,38.0,9.0,86.0
9.0,54,73.0,41.0,9.0
40.0,30,9.0,31.0,15.0
12.0,85,12.0,26.0,9.0
49.0,9,12.0,19.0,20.0
12.0,45,9.0,228.0,39.0
9.0,43,9.0,80.0,12.0
40.0,12,15.0,434.0,15.0
27.0,32,61.0,101.0,60.0
9.0,40,61.0,34.0,56.0
21.0,83,9.0,26.0,169.0
19.0,62,51.0,25.0,27.0
9.0,348,39.0,12.0,42.0
27.0,235,14.0,23.0,72.0
12.0,22,47.0,12.0,15.0
9.0,9,15.0,18.0,136.0
9.0,28,38.0,9.0,42.0
9.0,264,141.0,18.0,165.0
12.0,93,109.0,12.0,9.0
24.0,304,9.0,32.0,47.0
27.0,88,9.0,47.0,321.0
35.0,343,34.0,106.0,71.0
9.0,43,39.0,137.0,83.0
12.0,166,44.0,14.0,55.0
9.0,36,10.0,24.0,61.0
9.0,20,26.0,16.0,57.0
9.0,172,18.0,25.0,22.0
37.0,129,18.0,104.0,9.0
235.0,50,610.0,36.0,14.0
15.0,226,15.0,9.0,9.0
64.0,154,9.0,66.0,22.0
19.0,204,9.0,9.0,32.0
9.0,115,32.0,17.0,66.0
25.0,23,106.0,35.0,43.0
9.0,47,9.0,12.0,39.0
9.0,71,24.0,48.0,9.0
9.0,180,9.0,16.0,9.0
9.0,139,157.0,38.0,40.0
21.0,9,9.0,9.0,28.0
28.0,686,169.0,15.0,43.0
15.0,74,12.0,21.0,15.0
12.0,37,14.0,18.0,17.0
73.0,15,62.0,41.0,28.0
28.0,115,15.0,24.0,34.0
22.0,15,9.0,24.0,24.0
246.0,61,26.0,14.0,9.0
9.0,12,20.0,44.0,31.0
31.0,590,9.0,9.0,144.0
39.0,499,241.0,42.0,279.0
71.0,33,6.0,31.0,41.0
15.0,46,9.0,21.0,36.0
16.0,9,12.0,9.0,15.0
9.0,77,55.0,9.0,9.0
12.0,142,86.0,19.0,26.0
9.0,33,134.0,126.0,12.0
9.0,110,18.0,15.0,9.0
27.0,12,60.0,18.0,28.0
20.0,2299,33.0,12.0,70.0
910.0,1868,9.0,39.0,22.0
20.0,77,9.0,58.0,30.0
226.0,44,25.0,90.0,9.0
15.0,22,23.0,35.0,12.0
21.0,56,6.0,18.0,15.0
9.0,56,83.0,29.0,12.0
40.0,62,18.0,9.0,34.0
76.0,23,31.0,21.0,115.0
27.0,31,42.0,9.0,34.0
12.0,50,81.0,18.0,9.0
12.0,484,124.0,18.0,29.0
399.0,9,28.0,9.0,37.0
9.0,123,167.0,9.0,25.0
22.0,772,87.0,9.0,20.0
46.0,745,12.0,40.0,9.0
38.0,29,9.0,229.0,60.0
9.0,93,96.0,12.0,164.0
27.0,9,74.0,221.0,20.0
9.0,64,12.0,21.0,43.0
14.0,74,64.0,102.0,12.0
9.0,216,43.0,79.0,9.0
18.0,76,110.0,77.0,9.0
15.0,62,18.0,9.0,9.0
9.0,166,26.0,28.0,22.0
17.0,68,12.0,23.0,22.0
18.0,52,17.0,19.0,9.0
19.0,56,25.0,108.0,9.0
12.0,80,18.0,303.0,36.0
9.0,136,9.0,12.0,36.0
25.0,273,9.0,544.0,9.0
16.0,62,12.0,33.0,22.0
87.0,9,126.0,18.0,15.0
32.0,31,18.0,9.0,77.0
42.0,67,24.0,9.0,28.0
6494.0,292,207.0,51.0,53.0
9.0,52,92.0,21.0,98.0
26.0,18,9.0,12.0,15.0
9.0,34,6.0,31.0,92.0
28.0,384,12.0,109.0,27.0
15.0,99,9.0,54.0,95.0
9.0,207,16.0,766.0,9.0
9.0,27,99.0,12.0,507.0
45.0,9,9.0,61.0,12.0
130.0,45,12.0,43.0,58.0
9.0,106,185.0,56.0,20.0
95.0,71,12.0,59.0,93.0
9.0,29,55.0,6.0,21.0
27.0,364,9.0,38.0,9.0
18.0,39,173.0,44.0,53.0
9.0,242,65.0,12.0,75.0
24.0,54,19.0,69.0,12.0
19.0,75,9.0,132.0,21.0
43.0,368,9.0,61.0,35.0
35.0,27,9.0,18.0,72.0
17.0,217,19.0,9.0,12.0
18.0,106,9.0,91.0,429.0
32.0,31,280.0,16.0,9.0
9.0,24,9.0,9.0,12.0
12.0,166,19.0,9.0,161.0
9.0,106,26.0,73.0,32.0
32.0,173,135.0,12.0,15.0
15.0,22,116.0,21.0,9.0
89.0,16,30.0,87.0,29.0
40.0,77,37.0,9.0,27.0
9.0,256,35.0,21.0,50.0
9.0,44,12.0,9.0,9.0
12.0,18,9.0,23.0,15.0
9.0,21,17.0,15.0,12.0
18.0,143,36.0,9.0,273.0
12.0,15,95.0,9.0,18.0
12.0,222,20.0,70.0,17.0
9.0,101,210.0,48.0,9.0
9.0,20,14.0,194.0,9.0
9.0,230,14.0,118.0,154.0
9.0,21,35.0,12.0,9.0
9.0,1284,31.0,9.0,75.0
15.0,23,14.0,15.0,33.0
27.0,18,32.0,3385.0,38.0
12.0,58,12.0,24.0,18.0
18.0,763,65.0,15.0,15.0
54.0,49,9.0,190.0,41.0
39.0,26,47.0,9.0,21.0
9.0,171,16.0,18.0,176.0
24.0,33,58.0,86.0,62.0
9.0,15,22.0,63.0,9.0
15.0,18,12.0,22.0,192.0
36.0,54,12.0,41.0,32.0
15.0,383,12.0,23.0,36.0
31.0,209,41.0,9.0,73.0
12.0,1350,22.0,132.0,57.0
24.0,381,22.0,14.0,18.0
9.0,9,225.0,35.0,39.0
9.0,12,37.0,9.0,206.0
9.0,93,32.0,147.0,12.0
9.0,12,12.0,13.0,19.0
12.0,23,53.0,12.0,21.0
23.0,73,145.0,9.0,27.0
118.0,9,48.0,9.0,18.0
122.0,80,137.0,9.0,9.0
9.0,50,41.0,21.0,12.0
27.0,54,97.0,9.0,18.0
18.0,177,201.0,12.0,20.0
15.0,37,22.0,61.0,76.0
28.0,147,210.0,15.0,23.0
17.0,19,12.0,9.0,29.0
61.0,321,43.0,9.0,41.0
15.0,45,9.0,9.0,141.0
90.0,21,12.0,9.0,15.0
50.0,9,18.0,15.0,29.0
28.0,67,142.0,15.0,70.0
15.0,27,15.0,9.0,34.0
77.0,9,22.0,17.0,9.0
119.0,12,12.0,9.0,12.0
12.0,43,9.0,9.0,94.0
9.0,51,40.0,49.0,22.0
9.0,233,475.0,28.0,110.0
30.0,49,42.0,87.0,73.0
31.0,130,50.0,12.0,9.0
15.0,240,176.0,9.0,14.0
17.0,28,12.0,18.0,9.0
12.0,52,9.0,39.0,21.0
19.0,23,62.0,84.0,21.0
9.0,226,12.0,15.0,19.0
38.0,83,174.0,39.0,27.0
36.0,70,9.0,15.0,31.0
53.0,57,15.0,30.0,16.0
9.0,233,63.0,56.0,29.0
15.0,92,38.0,18.0,18.0
21.0,12,12.0,79.0,21.0
14.0,25,9.0,9.0,382.0
12.0,85,60.0,15.0,30.0
15.0,185,9.0,15.0,19.0
9.0,56,36.0,28.0,64.0
1361.0,66,37.0,26.0,29.0
938.0,237,141.0,9.0,63.0
68.0,45,73.0,31.0,12.0
38.0,48,36.0,18.0,12.0
40.0,168,12.0,34.0,12.0
,106,22.0,20.0,12.0
,9,83.0,9.0,51.0
,15,298.0,9.0,9.0
,83,110.0,12.0,21.0
,18,9.0,12.0,22.0
,120,9.0,41.0,15.0
,63,131.0,12.0,9.0
,9,9.0,26.0,26.0
,9,9.0,48.0,18.0
,284,15.0,45.0,9.0
,27,219.0,81.0,41.0
,9,17.0,35.0,96.0
,56,52.0,96.0,12.0
,207,9.0,12.0,9.0
,135,12.0,9.0,116.0
,27,25.0,45.0,37.0
,26,81.0,93.0,12.0
,22,15.0,60.0,294.0
,157,15.0,25.0,9.0
,202,9.0,56.0,12.0
,21,30.0,767.0,24.0
,26,58.0,9.0,536.0
,12,12.0,22.0,14.0
,66,73.0,9.0,116.0
,45,36.0,59.0,46.0
,9,314.0,599.0,161.0
,12,37.0,9.0,44.0
,75,26.0,1382.0,44.0
,46,21.0,17.0,9.0
,192,18.0,57.0,59.0
,18,130.0,11.0,274.0
,76,9.0,65.0,45.0
,446,15.0,288.0,12.0
,230,9.0,15.0,30.0
,120,276.0,70.0,14.0
,59,22.0,9.0,9.0
,134,12.0,9.0,18.0
,53,77.0,9.0,80.0
,51,18.0,80.0,21.0
,69,41.0,9.0,71.0
,258,18.0,9.0,9.0
,242,52.0,19.0,9.0
,9,21.0,20.0,23.0
,209,15.0,12.0,14.0
,103,15.0,19.0,12.0
,9,15.0,9.0,9.0
,165,49.0,31.0,61.0
,225,35.0,6.0,40.0
,64,9.0,9.0,9.0
,16,33.0,102.0,58.0
,82,15.0,662.0,15.0
,36,47.0,9.0,24.0
,180,9.0,51.0,18.0
,1926,111.0,26.0,45.0
,35,9.0,42.0,21.0
,77,9.0,24.0,83.0
,103,24.0,9.0,22.0
,20,12.0,284.0,15.0
,170,9.0,70.0,22.0
,483,9.0,9.0,26.0
,353,9.0,137.0,25.0
,9,63.0,12.0,45.0
,16,80.0,12.0,39.0
,810,42.0,86.0,14.0
,18,9.0,23.0,9.0
,235,148.0,15.0,9.0
,174,9.0,81.0,15.0
,168,9.0,28.0,12.0
,12,21.0,34.0,14.0
,26,18.0,18.0,45.0
,42,9.0,12.0,9.0
,81,11.0,14.0,9.0
,38,12.0,14.0,9.0
,9,158.0,9.0,665.0
,40,376.0,54.0,12.0
,271,24.0,9.0,19.0
,19,59.0,9.0,25.0
,230,37.0,24.0,17.0
,9,54.0,12.0,37.0
,215,58.0,21.0,22.0
,9,112.0,9.0,14.0
,83,9.0,79.0,33.0
,156,17.0,29.0,52.0
,15,27.0,12.0,110.0
,29,34.0,110.0,9.0
,9,9.0,9.0,19.0
,150,66.0,24.0,15.0
,22,15.0,12.0,21.0
,16,8.0,24.0,35.0
,59,16.0,96.0,100.0
,79,24.0,15.0,127.0
,175,31.0,206.0,42.0
,16,133.0,190.0,9.0
,91,9.0,20.0,31.0
,64,9.0,34.0,29.0
,116,12.0,27.0,19.0
,40,9.0,66.0,21.0
,61,20.0,38.0,14.0
,27,177.0,24.0,4012.0
,12,36.0,31.0,9.0
,48,9.0,39.0,9.0
,250,12.0,36.0,22.0
,50,16.0,63.0,26.0
,526,9.0,30.0,9.0
,111,12.0,30.0,198.0
,57,47.0,18.0,9.0
,121,21.0,9.0,166.0
,470,61.0,9.0,9.0
,115,16.0,25.0,9.0
,140,174.0,21.0,9.0
,310,27.0,9.0,31.0
,59,12.0,67.0,28.0
,26,29.0,9.0,315.0
,107,335.0,9.0,26.0
,51,39.0,18.0,9.0
,58,23.0,9.0,74.0
,102,9.0,693.0,42.0
,59,264.0,12.0,25.0
,17,9.0,12.0,49.0
,376,22.0,9.0,15.0
,31,32.0,59.0,15.0
,27,15.0,27.0,9.0
,12,17.0,40.0,12.0
,112,19.0,86.0,15.0
,21,96.0,77.0,15.0
,154,9.0,62.0,26.0
,70,437.0,25.0,33.0
,22,12.0,9.0,9.0
,54,67.0,12.0,30.0
,9,110.0,12.0,12.0
,42,73.0,9.0,22.0
,92,9.0,12.0,82.0
,92,67.0,15.0,15.0
,277,9.0,15.0,35.0
,111,12.0,17.0,189.0
,129,25.0,19.0,18.0
,365,60.0,16.0,22.0
,1519,54.0,276.0,116.0
,9,43.0,462.0,9.0
,9,97.0,9.0,9.0
,173,225.0,15.0,9.0
,53,227.0,15.0,90.0
,200,9.0,14.0,84.0
,25,186.0,27.0,63.0
,43,9.0,21.0,586.0
,173,22.0,71.0,9.0
,9,39.0,1481.0,12.0
,26,368.0,9.0,12.0
,111,9.0,37.0,12.0
,148,12.0,59.0,132.0
,221,12.0,9.0,96.0
,39,15.0,58.0,16.0
,477,12.0,9.0,14.0
,15,41.0,21.0,83.0
,165,9.0,9.0,44.0
,52,19.0,14.0,28.0
,12,82.0,15.0,112.0
,88,9.0,9.0,133.0
,19,19.0,9.0,16.0
,12,9.0,15.0,28.0
,23,16.0,41.0,12.0
,61,12.0,27.0,115.0
,76,12.0,9.0,87.0
,12,12.0,9.0,67.0
,67,28.0,18.0,188.0
,83,18.0,14.0,29.0
,9,219.0,9.0,9.0
,36,9.0,72.0,9.0
,46,407.0,22.0,9.0
,40,24.0,40.0,404.0
,313,68.0,12.0,21.0
,40,27.0,68.0,45.0
,29,9.0,40.0,111.0
,349,27.0,91.0,56.0
,1806,32.0,24.0,9.0
,16,12.0,25.0,12.0
,37,27.0,44.0,37.0
,47,9.0,18.0,12.0
,648,15.0,59.0,9.0
,50,19.0,72.0,15.0
,124,20.0,40.0,78.0
,40,43.0,46.0,39.0
,198,149.0,9.0,38.0
,47,52.0,36.0,21.0
,24,21.0,20.0,12.0
,57,9.0,9.0,9.0
,26,162.0,9.0,9.0
,200,26.0,31.0,15.0
,219,1087.0,198.0,9.0
,190,9.0,19.0,9.0
,12,38.0,62.0,12.0
,67,20.0,9.0,9.0
,152,12.0,198.0,12.0
,145,335.0,36.0,12.0
,560,158.0,24.0,56.0
,1404,29.0,25.0,64.0
,22,23.0,9.0,328.0
,9,37.0,32.0,52.0
,168,9.0,26.0,9.0
,40,59.0,129.0,21.0
,196,9.0,70.0,22.0
,66,50.0,90.0,15.0
,20,9.0,9.0,9.0
,63,32.0,116.0,722.0
,336,73.0,12.0,9.0
,188,27.0,87.0,45.0
,77,200.0,34.0,25.0
,129,29.0,18.0,19.0
,32,14.0,390.0,37.0
,390,14.0,15.0,48.0
,113,9.0,24.0,9.0
,343,29.0,65.0,14.0
,356,109.0,32.0,17.0
,51,127.0,49.0,382.0
,242,45.0,39.0,26.0
,296,24.0,12.0,60.0
,69,9.0,19.0,9.0
,184,51.0,14.0,111.0
,68,12.0,35.0,50.0
,9,43.0,27.0,25.0
,42,26.0,59.0,9.0
,210,22.0,75.0,9.0
,298,18.0,18.0,32.0
,502,12.0,62.0,9.0
,41,251.0,21.0,9.0
,26,31.0,9.0,22.0
,87,126.0,36.0,48.0
,161,65.0,18.0,18.0
,79,69.0,12.0,29.0
,54,14.0,15.0,9.0
,268,12.0,63.0,178.0
,58,25.0,16.0,20.0
,25,38.0,9.0,15.0
,65,16.0,12.0,9.0
,140,104.0,9.0,16.0
,25,53.0,118.0,28.0
,88,15.0,151.0,36.0
,116,39.0,27.0,19.0
,15,12.0,19.0,33.0
,18,15.0,9.0,125.0
,24,14.0,9.0,48.0
,12,34.0,9.0,9.0
,199,9.0,192.0,21.0
,29,36.0,21.0,188.0
,207,9.0,22.0,9.0
,1085,62.0,90.0,14.0
,156,45.0,40.0,45.0
,131,172.0,38.0,96.0
,33,33.0,31.0,248.0
,61,9.0,129.0,16.0
,189,12.0,9.0,9.0
,87,12.0,47.0,12.0
,99,36.0,15.0,29.0
,9,65.0,27.0,76.0
,883,80.0,20.0,67.0
,9,22.0,9.0,28.0
,320,9.0,26.0,12.0
,45,9.0,15.0,9.0
,244,12.0,24.0,87.0
,18,127.0,15.0,9.0
,84,411.0,9.0,20.0
,124,12.0,21.0,22.0
,120,9.0,61.0,9.0
,12,12.0,15.0,9.0
,131,9.0,167.0,59.0
,126,39.0,42.0,15.0
,134,80.0,40.0,25.0
,36,18.0,38.0,30.0
,28,147.0,48.0,9.0
,140,97.0,18.0,27.0
,30,15.0,14.0,9.0
,64,15.0,9.0,50.0
,576,9.0,15.0,9.0
,110,9.0,40.0,12.0
,355,15.0,38.0,74.0
,160,12.0,23.0,65.0
,1174,23.0,30.0,19.0
,245,33.0,20.0,18.0
,249,31.0,15.0,65.0
,63,9.0,60.0,28.0
,9,170.0,16.0,44.0
,55,15.0,34.0,50.0
,265,41.0,19.0,9.0
,15,9.0,817.0,50.0
,22,19.0,29.0,42.0
,56,18.0,20.0,36.0
,37,30.0,15.0,18.0
,89,29.0,51.0,29.0
,98,12.0,20.0,266.0
,67,14.0,25.0,12.0
,36,46.0,41.0,31.0
,69,33.0,108.0,46.0
,23,24.0,54.0,34.0
,142,9.0,1176.0,26.0
,28,24.0,15.0,39.0
,395,44.0,49.0,27.0
,32,31.0,46.0,9.0
,117,32.0,51.0,22.0
,15,16.0,9.0,9.0
,9,23.0,22.0,32.0
,33,14.0,71.0,47.0
,24,240.0,27.0,17.0
,390,20.0,15.0,21.0
,15,98.0,19.0,12.0
,12,70.0,42.0,9.0
,659,25.0,45.0,71.0
,54,17.0,41.0,193.0
,41,60.0,15.0,9.0
,49,171.0,15.0,94.0
,9,123.0,15.0,31.0
,50,26.0,24.0,132.0
,392,12.0,37.0,34.0
,227,83.0,27.0,27.0
,68,99.0,12.0,45.0
,114,81.0,20.0,26.0
,44,41.0,9.0,9.0
,49,115.0,21.0,40.0
,68,9.0,209.0,15.0
,9,9.0,9.0,14.0
,928,15.0,18.0,66.0
,96,12.0,176.0,45.0
,112,9.0,220.0,12.0
,33,9.0,41.0,77.0
,18,19.0,384.0,9.0
,56,9.0,12.0,12.0
,90,15.0,18.0,9.0
,548,313.0,50.0,9.0
,178,24.0,15.0,24.0
,61,65.0,463.0,94.0
,210,15.0,63.0,48.0
,43,12.0,109.0,12.0
,549,52.0,60.0,18.0
,116,21.0,9.0,15.0
,230,87.0,18.0,53.0
,15,93.0,42.0,19.0
,27,68.0,28.0,9.0
,36,15.0,9.0,69.0
,78,26.0,18.0,16.0
,49,21.0,78.0,18.0
,40,87.0,15.0,12.0
,45,9.0,12.0,12.0
,31,15.0,9.0,34.0
,22,20.0,23.0,52.0
,97,43.0,85.0,56.0
,227,489.0,14.0,78.0
,16,104.0,22.0,420.0
,178,9.0,253.0,15.0
,124,22.0,12.0,336.0
,42,12.0,33.0,57.0
,65,12.0,9.0,9.0
,118,9.0,55.0,15.0
,38,9.0,20.0,9.0
,56,12.0,287.0,31.0
,197,124.0,157.0,284.0
,226,16.0,15.0,18.0
,29,49.0,19.0,9.0
,132,12.0,9.0,12.0
,31,81.0,18.0,38.0
,9,15.0,27.0,25.0
,65,62.0,128.0,15.0
,213,20.0,24.0,62.0
,207,25.0,63.0,12.0
,549,31.0,9.0,43.0
,31,27.0,111.0,12.0
,9,138.0,30.0,12.0
,22,12.0,107.0,25.0
,66,9.0,23.0,15.0
,455,46.0,14.0,12.0
,12,9.0,49.0,19.0
,51,33.0,48.0,143.0
,97,31.0,35.0,16.0
,216,15.0,9.0,9.0
,115,108.0,69.0,27.0
,23,187.0,21.0,9.0
,2766,38.0,21.0,25.0
,14,77.0,32.0,9.0
,16,21.0,18.0,36.0
,9,9.0,12.0,9.0
,51,9.0,9.0,71.0
,387,22.0,64.0,58.0
,129,319.0,14.0,9.0
,15,9.0,118.0,42.0
,518,170.0,12.0,71.0
,115,24.0,19.0,26.0
,292,9.0,9.0,9.0
,31,12.0,72.0,9.0
,362,9.0,15.0,53.0
,203,234.0,542.0,15.0
,9,26.0,9.0,21.0
,15,9.0,12.0,18.0
,734,33.0,92.0,9.0
,34,20.0,23.0,9.0
,30,35.0,15.0,12.0
,165,21.0,9.0,68.0
,81,110.0,66.0,12.0
,39,18.0,9.0,55.0
,240,14.0,51.0,27.0
,158,12.0,120.0,9.0
,155,9.0,21.0,15.0
,23,14.0,17.0,22.0
,162,92.0,17.0,119.0
,63,38.0,65.0,12.0
,91,214.0,202.0,9.0
,15,12.0,371.0,12.0
,22,37.0,38.0,12.0
,9,16.0,15.0,19.0
,19,9.0,129.0,160.0
,284,12.0,9.0,9.0
,15,9.0,15.0,41.0
,34,36.0,14.0,23.0
,99,39.0,12.0,9.0
,48,12.0,9.0,9.0
,89,179.0,12.0,9.0
,34,50.0,6.0,18.0
,57,36.0,108.0,158.0
,27,47.0,40.0,19.0
,46,9.0,9.0,47.0
,16,112.0,52.0,38.0
,159,9.0,92.0,38.0
,14,75.0,159.0,9.0
,20,15.0,67.0,9.0
,43,30.0,33.0,9.0
,135,19.0,26.0,24.0
,366,18.0,20.0,35.0
,28,41.0,9.0,35.0
,114,56.0,53.0,50.0
,32,9.0,93.0,9.0
,133,79.0,12.0,33.0
,270,15.0,9.0,9.0
,277,12.0,9.0,48.0
,65,46.0,9.0,22.0
,471,15.0,9.0,12.0
,36,840.0,832.0,18.0
,237,9.0,9.0,9.0
,156,24.0,35.0,9.0
,110,84.0,47.0,104.0
,120,29.0,9.0,40.0
,339,22.0,9.0,103.0
,22,19.0,37.0,15.0
,83,66.0,100.0,15.0
,283,9.0,23.0,17.0
,196,111.0,12.0,12.0
,61,37.0,24.0,12.0
,59,9.0,29.0,24.0
,23,9.0,43.0,9.0
,250,9.0,46.0,9.0
,50,373.0,15.0,9.0
,177,9.0,12.0,31.0
,135,12.0,37.0,9.0
,50,9.0,26.0,265.0
,17,23.0,59.0,48.0
,94,14.0,14.0,9.0
,160,9.0,31.0,33.0
,121,17.0,37.0,24.0
,24,47.0,113.0,18.0
,492,93.0,45.0,24.0
,15,19.0,26.0,254.0
,69,15.0,9.0,18.0
,39,6.0,115.0,45.0
,12,97.0,23.0,12.0
,159,91.0,22.0,19.0
,46,97.0,16.0,19.0
,174,155.0,18.0,12.0
,9,17.0,18.0,152.0
,28,24.0,54.0,9.0
,190,31.0,22.0,9.0
,227,9.0,12.0,9.0
,22,12.0,52.0,61.0
,224,9.0,34.0,44.0
,49,24.0,29.0,152.0
,333,8.0,200.0,78.0
,295,41.0,12.0,30.0
,50,12.0,18.0,230.0
,56,18.0,116.0,9.0
,14,41.0,118.0,9.0
,14,90.0,46.0,9.0
,15,17.0,42.0,12.0
,87,66.0,26.0,14.0
,105,70.0,9.0,40.0
,234,19.0,40.0,55.0
,48,9.0,42.0,32.0
,32,62.0,53.0,9.0
,69,27.0,93.0,26.0
,144,72.0,9.0,74.0
,25,37.0,9.0,88.0
,15,67.0,9.0,12.0
,41,12.0,15.0,9.0
,35,9.0,22.0,1556.0
,17,19.0,21.0,84.0
,151,72.0,15.0,116.0
,117,9.0,21.0,9.0
,972,6.0,28.0,9.0
,12,23.0,51.0,79.0
,460,41.0,31.0,77.0
,24,79.0,52.0,25.0
,12,9.0,110.0,40.0
,1286,9.0,23.0,129.0
,122,32.0,58.0,9.0
,317,104.0,15.0,368.0
,281,25.0,161.0,88.0
,82,21.0,15.0,9.0
,936,9.0,129.0,42.0
,50,35.0,9.0,12.0
,53,357.0,19.0,9.0
,130,39.0,9.0,31.0
,296,355.0,9.0,19.0
,9,9.0,40.0,21.0
,114,67.0,18.0,15.0
,9,18.0,15.0,37.0
,551,9.0,23.0,9.0
,187,15.0,98.0,9.0
,302,9.0,64.0,17.0
,57,9.0,14.0,60.0
,78,9.0,32.0,12.0
,44,15.0,12.0,12.0
,21,98.0,28.0,9.0
,14,165.0,12.0,21.0
,546,33.0,53.0,15.0
,332,105.0,110.0,35.0
,92,24.0,15.0,12.0
,561,21.0,38.0,12.0
,207,22.0,54.0,15.0
,54,43.0,36.0,45.0
,250,45.0,25.0,30.0
,55,9.0,55.0,9.0
,206,296.0,417.0,12.0
,233,34.0,29.0,9.0
,433,9.0,41.0,291.0
,120,76.0,1149.0,37.0
,24,9.0,20.0,22.0
,121,12.0,9.0,12.0
,1311,9.0,19.0,32.0
,15,15.0,48.0,15.0
,44,15.0,9.0,9.0
,208,72.0,16.0,27.0
,9,28.0,408.0,21.0
,227,15.0,9.0,37.0
,18,82.0,9.0,48.0
,15,123.0,19.0,163.0
,52,54.0,1227.0,9.0
,29,12.0,24.0,12.0
,55,56.0,18.0,45.0
,98,81.0,25.0,12.0
,79,32.0,22.0,9.0
,9,1003.0,9.0,9.0
,30,37.0,15.0,15.0
,117,9.0,12.0,31.0
,49,21.0,45.0,70.0
,78,9.0,50.0,39.0
,40,9.0,24.0,44.0
,82,21.0,20.0,35.0
,12,70.0,126.0,79.0
,23,24.0,9.0,19.0
,18,25.0,14.0,27.0
,15,93.0,18.0,19.0
,28,45.0,52.0,9.0
,31,38.0,15.0,9.0
,145,72.0,9.0,12.0
,285,44.0,58.0,9.0
,15,174.0,9.0,9.0
,33,58.0,9.0,45.0
,233,12.0,134.0,18.0
,1649,61.0,82.0,64.0
,9,19.0,18.0,160.0
,141,28.0,12.0,9.0
,34,12.0,113.0,12.0
,44,55.0,12.0,12.0
,24,63.0,38.0,94.0
,116,226.0,9.0,17.0
,190,59.0,28.0,15.0
,64,64.0,16.0,137.0
,310,14.0,26.0,78.0
,85,18.0,43.0,12.0
,98,12.0,12.0,15.0
,383,131.0,14.0,12.0
,15,24.0,73.0,12.0
,30,18.0,9.0,26.0
,18,55.0,15.0,67.0
,228,30.0,9.0,30.0
,169,30.0,9.0,9.0
,51,31.0,9.0,64.0
,37,54.0,96.0,9.0
,39,371.0,12.0,15.0
,127,87.0,12.0,17.0
,156,255.0,12.0,23.0
,102,15.0,9.0,63.0
,394,9.0,44.0,12.0
,85,9.0,33.0,230.0
,69,85.0,66.0,27.0
,167,88.0,9.0,9.0
,31,9.0,9.0,9.0
,235,12.0,15.0,100.0
,205,23.0,37.0,56.0
,584,30.0,17.0,9.0
,23,32.0,21.0,32.0
,84,28.0,12.0,31.0
,26,9.0,14.0,123.0
,53,24.0,15.0,12.0
,200,37.0,25.0,9.0
,241,14.0,9.0,9.0
,177,67.0,141.0,9.0
,55,126.0,147.0,9.0
,205,17.0,29.0,87.0
,633,9.0,55.0,58.0
,212,47.0,20.0,24.0
,625,87.0,12.0,33.0
,19,27.0,47.0,15.0
,410,9.0,23.0,32.0
,30,28.0,87.0,78.0
,231,47.0,42.0,9.0
,15,53.0,63.0,9.0
,140,34.0,27.0,15.0
,90,26.0,10.0,50.0
,463,20.0,9.0,18.0
,739,18.0,14.0,31.0
,18,9.0,23.0,12.0
,35,27.0,67.0,26.0
,9,9.0,56.0,37.0
,9,9.0,57.0,21.0
,168,50.0,9.0,22.0
,134,9.0,34.0,333.0
,232,9.0,9.0,229.0
,9,9.0,9.0,32.0
,216,12.0,9.0,15.0
,65,553.0,25.0,178.0
,18,40.0,9.0,17.0
,29,61.0,9.0,15.0
,1856,9.0,39.0,12.0
,62,18.0,21.0,9.0
,151,40.0,12.0,9.0
,65,19.0,43.0,30.0
,86,70.0,37.0,195.0
,34,9.0,34.0,68.0
,22,148.0,12.0,74.0
,49,265.0,19.0,19.0
,25,14.0,35.0,12.0
,418,9.0,9.0,170.0
,41,23.0,58.0,12.0
,122,9.0,55.0,12.0
,86,12.0,42.0,159.0
,15,9.0,361.0,9.0
,541,9.0,30.0,127.0
,87,63.0,9.0,12.0
,103,31.0,21.0,24.0
,24,45.0,42.0,12.0
,87,9.0,9.0,9.0
,9,58.0,14.0,25.0
,223,21.0,36.0,59.0
,299,17.0,9.0,18.0
,67,21.0,48.0,24.0
,27,33.0,12.0,12.0
,104,15.0,34.0,9.0
,12,19.0,55.0,9.0
,56,9.0,30.0,12.0
,14,24.0,14.0,9.0
,55,26.0,12.0,9.0
,19,14.0,9.0,9.0
,19,18.0,14.0,108.0
,41,447.0,45.0,52.0
,105,61.0,51.0,19.0
,9,31.0,21.0,9.0
,126,48.0,165.0,105.0
,56,21.0,275.0,9.0
,649,30.0,24.0,190.0
,109,42.0,17.0,50.0
,53,9.0,24.0,9.0
,22,99.0,23.0,29.0
,29,30.0,37.0,21.0
,197,12.0,197.0,12.0
,37,60.0,22.0,15.0
,36,18.0,42.0,16.0
,40,21.0,9.0,15.0
,134,19.0,37.0,84.0
,417,17.0,102.0,163.0
,56,12.0,42.0,282.0
,54,145.0,15.0,26.0
,40,71.0,18.0,48.0
,519,741.0,18.0,9.0
,86,9.0,9.0,110.0
,19,9.0,37.0,275.0
,692,9.0,73.0,42.0
,117,245.0,15.0,9.0
,155,18.0,19.0,30.0
,23,68.0,9.0,96.0
,148,24.0,34.0,6.0
,98,9.0,18.0,9.0
,45,26.0,27.0,27.0
,35,9.0,9.0,28.0
,2432,28.0,27.0,15.0
,78,26.0,538.0,22.0
,70,25.0,9.0,17.0
,117,34.0,18.0,31.0
,41,66.0,16.0,133.0
,54,37.0,66.0,18.0
,104,38.0,27.0,9.0
,194,35.0,9.0,9.0
,249,39.0,20.0,9.0
,306,14.0,71.0,12.0
,39,14.0,58.0,27.0
,80,12.0,12.0,69.0
,36,20.0,9.0,9.0
,107,43.0,18.0,71.0
,65,21.0,33.0,20.0
,39,22.0,23.0,9.0
,18,9.0,12.0,21.0
,52,560.0,35.0,24.0
,25,77.0,15.0,9.0
,484,78.0,9.0,9.0
,12,22.0,30.0,9.0
,9,67.0,14.0,218.0
,171,9.0,9.0,14.0
,159,94.0,22.0,12.0
,24,34.0,700.0,9.0
,43,9.0,69.0,37.0
,40,43.0,9.0,9.0
,95,14.0,23.0,22.0
,446,53.0,287.0,9.0
,27,52.0,38.0,102.0
,33,77.0,9.0,36.0
,79,57.0,9.0,80.0
,27,9.0,9.0,15.0
,552,12.0,9.0,36.0
,12,15.0,12.0,9.0
,32,9.0,12.0,12.0
,84,15.0,18.0,18.0
,85,38.0,9.0,83.0
,31,17.0,15.0,9.0
,26,9.0,42.0,9.0
,302,27.0,12.0,9.0
,976,12.0,12.0,18.0
,226,16.0,28.0,67.0
,268,9.0,9.0,28.0
,41,39.0,19.0,9.0
,38,58.0,9.0,40.0
,17,48.0,9.0,9.0
,102,9.0,21.0,9.0
,156,47.0,86.0,47.0
,35,17.0,61.0,28.0
,54,12.0,12.0,88.0
,99,26.0,29.0,23.0
,273,26.0,9.0,53.0
,24,21.0,64.0,145.0
,9,9.0,1372.0,9.0
,62,32.0,9.0,3967.0
,55,46.0,9.0,9.0
,252,9.0,27.0,17.0
,161,9.0,9.0,68.0
,158,29.0,28.0,77.0
,49,43.0,23.0,31.0
,502,9.0,12.0,59.0
,27,9.0,21.0,38.0
,76,93.0,12.0,64.0
,282,15.0,9.0,21.0
,12,101.0,9.0,15.0
,58,37.0,19.0,44.0
,42,12.0,26.0,139.0
,31,31.0,55.0,9.0
,27,15.0,32.0,109.0
,1047,25.0,9.0,9.0
,120,9.0,23.0,39.0
,159,9.0,21.0,9.0
,97,39.0,22.0,144.0
,15,67.0,12.0,32.0
,22,12.0,9.0,92.0
,39,30.0,15.0,12.0
,1292,33.0,27.0,16.0
,27,134.0,9.0,9.0
,69,46.0,9.0,21.0
,109,90.0,21.0,57.0
,105,21.0,28.0,52.0
,78,23.0,12.0,48.0
,272,9.0,138.0,45.0
,83,9.0,21.0,12.0
,393,37.0,27.0,15.0
,9,8.0,21.0,113.0
,184,64.0,48.0,90.0
,9,15.0,9.0,123.0
,25,95.0,9.0,15.0
,53,18.0,33.0,25.0
,79,40.0,29.0,9.0
,32,24.0,9.0,9.0
,76,179.0,9.0,9.0
,59,34.0,9.0,12.0
,46,35.0,12.0,9.0
,35,19.0,9.0,27.0
,86,9.0,18.0,118.0
,12,9.0,9.0,18.0
,38,15.0,20.0,9.0
,26,87.0,9.0,9.0
,491,76.0,67.0,15.0
,69,21.0,139.0,9.0
,1085,14.0,31.0,9.0
,1009,68.0,624.0,554.0
,15,121.0,15.0,85.0
,248,12.0,36.0,23.0
,95,9.0,59.0,45.0
,39,21.0,66.0,9.0
,100,69.0,36.0,24.0
,207,50.0,169.0,299.0
,198,18.0,20.0,15.0
,9,15.0,15.0,12.0
,69,9.0,15.0,12.0
,24,89.0,31.0,175.0
,28,23.0,9.0,19.0
,52,14.0,22.0,39.0
,117,23.0,29.0,41.0
,61,9.0,15.0,51.0
,53,18.0,90.0,15.0
,26,36.0,9.0,37.0
,36,9.0,24.0,25.0
,76,9.0,27.0,68.0
,90,25.0,21.0,26.0
,88,35.0,12.0,25.0
,132,24.0,12.0,81.0
,103,9.0,15.0,14.0
,173,9.0,54.0,23.0
,106,9.0,42.0,45.0
,150,34.0,9.0,20.0
,24,27.0,18.0,9.0
,108,32.0,28.0,87.0
,89,9.0,9.0,9.0
,147,9.0,35.0,98.0
,38,27.0,51.0,9.0
,291,15.0,12.0,48.0
,145,63.0,15.0,37.0
,129,21.0,9.0,14.0
,23,12.0,24.0,26.0
,66,9.0,12.0,307.0
,22,57.0,14.0,9.0
,106,15.0,9.0,21.0
,46,12.0,15.0,15.0
,475,12.0,18.0,12.0
,23,14.0,38.0,12.0
,296,9.0,12.0,84.0
,277,36.0,22.0,118.0
,9,57.0,18.0,50.0
,174,70.0,15.0,12.0
,137,9.0,9.0,65.0
,9,364.0,12.0,29.0
,62,64.0,12.0,41.0
,253,9.0,15.0,21.0
,97,21.0,9.0,55.0
,57,12.0,9.0,9.0
,103,14.0,21.0,465.0
,19,68.0,43.0,35.0
,254,24.0,15.0,18.0
,88,9.0,28.0,57.0
,19,45.0,55.0,12.0
,47,33.0,48.0,14.0
,119,62.0,15.0,12.0
,130,128.0,30.0,21.0
,390,169.0,15.0,15.0
,12,12.0,45.0,80.0
,429,21.0,9.0,25.0
,116,9.0,9.0,9.0
,47,9.0,32.0,41.0
,153,85.0,41.0,84.0
,26,72.0,15.0,15.0
,135,35.0,29.0,15.0
,9,15.0,9.0,12.0
,74,15.0,9.0,18.0
,453,34.0,39.0,37.0
,579,12.0,12.0,78.0
,20,32.0,726.0,14.0
,12,176.0,9.0,100.0
,69,9.0,22.0,15.0
,68,9.0,9.0,9.0
,12,15.0,12.0,15.0
,150,20.0,17.0,21.0
,25,9.0,60.0,12.0
,36,34.0,9.0,79.0
,248,12.0,9.0,33.0
,15,19.0,18.0,397.0
,213,29.0,41.0,48.0
,230,12.0,15.0,17.0
,86,30.0,9.0,12.0
,114,22.0,9.0,46.0
,14,9.0,57.0,14.0
,21,271.0,27.0,44.0
,270,15.0,22.0,28.0
,33,197.0,46.0,31.0
,41,43.0,12.0,17.0
,128,41.0,12.0,9.0
,30,18.0,212.0,9.0
,37,18.0,21.0,9.0
,76,24.0,46.0,9.0
,15,14.0,46.0,12.0
,48,12.0,28.0,42.0
,16,76.0,105.0,22.0
,79,9.0,19.0,12.0
,9,9.0,18.0,55.0
,258,9.0,9.0,12.0
,274,87.0,9.0,9.0
,72,42.0,9.0,23.0
,119,45.0,9.0,23.0
,35,9.0,27.0,9.0
,35,34.0,9.0,32.0
,40,77.0,157.0,31.0
,105,12.0,15.0,44.0
,472,27.0,9.0,12.0
,15,9.0,9.0,49.0
,468,34.0,9.0,160.0
,267,59.0,9.0,21.0
,58,9.0,9.0,47.0
,84,9.0,15.0,32.0
,322,66.0,16.0,49.0
,67,9.0,9.0,9.0
,29,12.0,24.0,19.0
,56,24.0,9.0,9.0
,36,196.0,12.0,12.0
,92,147.0,329.0,12.0
,340,9.0,123.0,41.0
,213,73.0,18.0,26.0
,47,70.0,46.0,18.0
,71,15.0,59.0,23.0
,160,12.0,12.0,32.0
,115,9.0,44.0,146.0
,26,43.0,28.0,19.0
,57,9.0,9.0,15.0
,348,57.0,12.0,9.0
,9,58.0,9.0,12.0
,98,9.0,9.0,36.0
,395,17.0,26.0,62.0
,218,21.0,14.0,9.0
,33,110.0,14.0,9.0
,133,18.0,52.0,12.0
,32,9.0,27.0,9.0
,275,24.0,9.0,12.0
,27,29.0,9.0,9.0
,49,9.0,9.0,21.0
,52,30.0,15.0,21.0
,12,19.0,14.0,12.0
,48,34.0,15.0,12.0
,38,31.0,9.0,158.0
,9,34.0,23.0,37.0
,39,33.0,16.0,40.0
,16,24.0,9.0,56.0
,15,58.0,12.0,21.0
,84,9.0,32.0,15.0
,210,208.0,9.0,19.0
,172,27.0,27.0,9.0
,110,217.0,12.0,64.0
,35,17.0,9.0,33.0
,829,20.0,9.0,30.0
,54,12.0,100.0,15.0
,34,12.0,287.0,23.0
,280,9.0,52.0,27.0
,87,9.0,61.0,14.0
,289,9.0,248.0,12.0
,234,15.0,59.0,25.0
,50,12.0,25.0,34.0
,52,24.0,9.0,18.0
,76,21.0,100.0,30.0
,163,26.0,28.0,28.0
,109,9.0,19.0,38.0
,84,17.0,15.0,68.0
,98,9.0,18.0,9.0
,118,23.0,9.0,16.0
,14,23.0,9.0,15.0
,82,97.0,33.0,14.0
,22,9.0,58.0,18.0
,275,35.0,12.0,15.0
,95,81.0,12.0,9.0
,41,21.0,176.0,9.0
,12,12.0,30.0,207.0
,19,9.0,9.0,9.0
,49,15.0,20.0,12.0
,98,138.0,199.0,9.0
,64,17.0,29.0,12.0
,9,80.0,9.0,45.0
,333,79.0,9.0,166.0
,30,22.0,9.0,37.0
,164,19.0,15.0,9.0
,21,221.0,15.0,33.0
,53,83.0,56.0,116.0
,87,29.0,21.0,49.0
,247,81.0,68.0,22.0
,9,53.0,12.0,66.0
,90,87.0,12.0,9.0
,224,41.0,76.0,9.0
,46,12.0,18.0,383.0
,64,575.0,43.0,18.0
,37,24.0,9.0,281.0
,36,33.0,16.0,25.0
,9,9.0,9.0,36.0
,333,12.0,23.0,26.0
,208,15.0,111.0,9.0
,182,9.0,120.0,9.0
,745,12.0,188.0,15.0
,12,51.0,12.0,30.0
,452,12.0,235.0,49.0
,53,32.0,9.0,25.0
,36,9.0,9.0,21.0
,20,51.0,105.0,25.0
,9,9.0,9.0,36.0
,176,15.0,12.0,9.0
,447,12.0,26.0,22.0
,48,14.0,59.0,22.0
,51,9.0,22.0,97.0
,62,25.0,31.0,9.0
,12,9.0,99.0,25.0
,12,9.0,9.0,15.0
,219,301.0,14.0,9.0
,18,9.0,9.0,33.0
,23,24.0,9.0,19.0
,130,136.0,9.0,130.0
,56,62.0,27.0,9.0
,55,95.0,12.0,9.0
,93,103.0,20.0,9.0
,114,112.0,311.0,12.0
,73,12.0,16.0,36.0
,113,59.0,9.0,9.0
,9,36.0,36.0,20.0
,18,18.0,21.0,9.0
,88,55.0,43.0,12.0
,93,36.0,54.0,14.0
,324,28.0,27.0,17.0
,47,41.0,248.0,12.0
,9,29.0,218.0,69.0
,31,21.0,15.0,63.0
,21,26.0,26.0,14.0
,105,61.0,28.0,30.0
,27,17.0,38.0,93.0
,36,18.0,14.0,26.0
,130,87.0,18.0,33.0
,68,198.0,198.0,18.0
,80,21.0,9.0,80.0
,88,45.0,12.0,67.0
,421,57.0,9.0,35.0
,25,69.0,9.0,9.0
,34,15.0,15.0,15.0
,40,12.0,26.0,44.0
,106,64.0,16.0,59.0
,558,12.0,12.0,9.0
,1106,53.0,9.0,84.0
,50,83.0,18.0,73.0
,44,53.0,18.0,27.0
,69,9.0,22.0,25.0
,305,87.0,24.0,84.0
,22,9.0,15.0,9.0
,40,24.0,29.0,9.0
,400,12.0,23.0,12.0
,2892,15.0,28.0,29.0
,9,35.0,22.0,28.0
,139,75.0,16.0,136.0
,348,67.0,26.0,15.0
,77,24.0,39.0,141.0
,294,16.0,9.0,9.0
,182,24.0,15.0,74.0
,1168,6.0,17.0,53.0
,43,17.0,24.0,63.0
,44,40.0,18.0,12.0
,100,36.0,12.0,9.0
,99,15.0,15.0,32.0
,59,9.0,138.0,111.0
,83,18.0,63.0,17.0
,15,12.0,273.0,29.0
,19,12.0,54.0,18.0
,51,9.0,77.0,18.0
,32,21.0,9.0,89.0
,15,36.0,37.0,9.0
,529,9.0,99.0,9.0
,107,15.0,28.0,27.0
,163,66.0,43.0,9.0
,9,75.0,9.0,12.0
,47,28.0,9.0,31.0
,97,19.0,9.0,22.0
,309,9.0,9.0,23.0
,28,12.0,9.0,60.0
,504,18.0,12.0,49.0
,221,9.0,12.0,12.0
,153,9.0,18.0,9.0
,126,213.0,107.0,30.0
,84,17.0,9.0,15.0
,82,9.0,47.0,97.0
,129,9.0,9.0,36.0
,255,17.0,28.0,81.0
,12,19.0,12.0,49.0
,26,44.0,53.0,12.0
,62,12.0,9.0,24.0
,9,27.0,22.0,43.0
,235,45.0,252.0,9.0
,77,9.0,24.0,98.0
,413,83.0,54.0,9.0
,131,24.0,88.0,18.0
,85,19.0,48.0,72.0
,3909,107.0,84.0,27.0
,66,42.0,37.0,15.0
,36,9.0,34.0,12.0
,23,9.0,19.0,20.0
,20,19.0,265.0,30.0
,39,31.0,81.0,109.0
,357,27.0,12.0,161.0
,41,12.0,36.0,9.0
,140,9.0,26.0,19.0
,109,12.0,15.0,152.0
,147,9.0,133.0,198.0
,303,9.0,23.0,16.0
,51,15.0,19.0,25.0
,12,19.0,499.0,9.0
,29,115.0,24.0,33.0
,170,22.0,15.0,40.0
,312,18.0,9.0,72.0
,172,36.0,9.0,22.0
,21,9.0,9.0,40.0
,143,9.0,9.0,27.0
,243,18.0,9.0,9.0
,43,26.0,9.0,233.0
,501,62.0,29.0,31.0
,1444,18.0,24.0,21.0
,52,37.0,19.0,9.0
,39,12.0,403.0,33.0
,340,12.0,12.0,28.0
,23,9.0,15.0,9.0
,149,9.0,12.0,16.0
,73,22.0,15.0,39.0
,183,18.0,12.0,20.0
,421,9.0,84.0,46.0
,199,9.0,12.0,61.0
,31,12.0,9.0,9.0
,700,18.0,15.0,135.0
,33,170.0,15.0,14.0
,56,122.0,30.0,19.0
,95,9.0,9.0,9.0
,116,36.0,12.0,9.0
,53,9.0,94.0,102.0
,43,33.0,18.0,94.0
,39,24.0,89.0,46.0
,23,19.0,201.0,60.0
,15,24.0,50.0,57.0
,478,77.0,24.0,132.0
,27,9.0,12.0,9.0
,42,9.0,9.0,87.0
,17,14.0,12.0,27.0
,47,14.0,58.0,31.0
,35,9.0,36.0,14.0
,9,9.0,25.0,23.0
,74,22.0,12.0,141.0
,12,46.0,12.0,9.0
,59,9.0,45.0,9.0
,19,9.0,21.0,736.0
,15,9.0,12.0,15.0
,157,255.0,9.0,32.0
,33,9.0,21.0,31.0
,100,59.0,21.0,9.0
,66,9.0,33.0,112.0
,75,12.0,12.0,12.0
,31,31.0,83.0,9.0
,50,38.0,35.0,81.0
,80,9.0,86.0,12.0
,385,23.0,34.0,9.0
,269,94.0,15.0,56.0
,130,18.0,840.0,15.0
,227,26.0,44.0,46.0
,170,18.0,12.0,68.0
,78,40.0,23.0,15.0
,299,32.0,31.0,9.0
,139,12.0,30.0,9.0
,16,53.0,151.0,27.0
,189,118.0,27.0,47.0
,67,9.0,19.0,14.0
,48,12.0,21.0,86.0
,48,27.0,24.0,15.0
,226,36.0,12.0,21.0
,9,15.0,82.0,9.0
,198,57.0,9.0,164.0
,97,45.0,28.0,9.0
,275,12.0,27.0,9.0
,25,47.0,33.0,12.0
,572,280.0,16.0,111.0
,15,17.0,24.0,95.0
,26,16.0,22.0,14.0
,20,28.0,29.0,55.0
,71,39.0,12.0,12.0
,9,14.0,9.0,41.0
,9,9.0,81.0,35.0
,78,52.0,24.0,32.0
,133,174.0,37.0,199.0
,263,23.0,9.0,24.0
,93,25.0,9.0,27.0
,21,17.0,104.0,274.0
,289,12.0,15.0,30.0
,983,48.0,24.0,140.0
,58,33.0,20.0,21.0
,158,15.0,108.0,30.0
,102,56.0,21.0,65.0
,23,496.0,18.0,212.0
,149,9.0,98.0,24.0
,75,9.0,14.0,18.0
,708,37.0,308.0,59.0
,806,22.0,42.0,23.0
,42,45.0,217.0,34.0
,12,20.0,16.0,12.0
,351,12.0,269.0,140.0
,29,22.0,16.0,70.0
,36,9.0,98.0,57.0
,109,64.0,109.0,93.0
,205,18.0,33.0,33.0
,598,9.0,9.0,33.0
,143,65.0,73.0,17.0
,202,18.0,12.0,9.0
,114,9.0,15.0,9.0
,196,28.0,106.0,21.0
,30,33.0,33.0,334.0
,94,9.0,9.0,9.0
,846,6.0,34.0,9.0
,26,142.0,24.0,34.0
,90,97.0,21.0,73.0
,18,12.0,18.0,21.0
,539,45.0,41.0,656.0
,59,128.0,9.0,9.0
,35,12.0,28.0,30.0
,165,41.0,201.0,38.0
,665,9.0,12.0,15.0
,36,9.0,19.0,9.0
,24,14.0,37.0,9.0
,118,26.0,15.0,15.0
,359,43.0,47.0,9.0
,34,9.0,9.0,9.0
,9,30.0,19.0,85.0
,56,95.0,24.0,31.0
,78,45.0,21.0,12.0
,117,26.0,9.0,180.0
,237,77.0,15.0,57.0
,63,9.0,40.0,101.0
,135,129.0,47.0,9.0
,21,60.0,41.0,54.0
,19,9.0,21.0,46.0
,18,22.0,36.0,14.0
,30,57.0,229.0,19.0
,32,30.0,9.0,17.0
,204,9.0,23.0,144.0
,645,24.0,54.0,16.0
,9,12.0,14.0,17.0
,46,12.0,12.0,20.0
,39,24.0,27.0,43.0
,42,12.0,25.0,9.0
,12,20.0,34.0,9.0
,127,56.0,16.0,9.0
,42,12.0,43.0,27.0
,57,9.0,22.0,9.0
,78,17.0,9.0,15.0
,78,9.0,339.0,12.0
,515,24.0,9.0,9.0
,256,121.0,177.0,9.0
,346,16.0,22.0,31.0
,350,89.0,122.0,25.0
,39,198.0,9.0,184.0
,39,9.0,14.0,63.0
,173,34.0,12.0,27.0
,59,38.0,753.0,81.0
,68,12.0,18.0,14.0
,23,9.0,34.0,648.0
,118,9.0,15.0,9.0
,106,43.0,12.0,9.0
,51,9.0,15.0,76.0
,107,9.0,107.0,9.0
,9,29.0,15.0,9.0
,12,9.0,40.0,12.0
,98,33.0,35.0,96.0
,385,27.0,32.0,190.0
,50,137.0,9.0,12.0
,978,119.0,9.0,9.0
,118,17.0,9.0,14.0
,28,79.0,26.0,146.0
,38,9.0,30.0,9.0
,419,72.0,9.0,64.0
,3973,61.0,9.0,52.0
,150,42.0,14.0,9.0
,126,9.0,14.0,9.0
,133,166.0,15.0,12.0
,117,102.0,9.0,14.0
,180,9.0,9.0,40.0
,143,72.0,9.0,140.0
,66,49.0,38.0,18.0
,559,127.0,42.0,143.0
,2550,84.0,14.0,22.0
,86,20.0,21.0,16.0
,105,9.0,113.0,114.0
,127,22.0,18.0,83.0
,95,39.0,19.0,15.0
,203,21.0,309.0,14.0
,112,15.0,25.0,9.0
,184,9.0,98.0,9.0
,47,38.0,18.0,20.0
,65,24.0,12.0,191.0
,271,40.0,9.0,61.0
,273,62.0,15.0,126.0
,32,166.0,24.0,17.0
,69,40.0,31.0,12.0
,78,33.0,15.0,12.0
,45,61.0,12.0,42.0
,81,18.0,15.0,9.0
,47,12.0,9.0,22.0
,583,18.0,43.0,513.0
,131,12.0,34.0,9.0
,1701,53.0,91.0,30.0
,519,1327.0,30.0,21.0
,26,40.0,9.0,30.0
,374,12.0,9.0,73.0
,12,1900.0,9.0,9.0
,61,3816.0,12.0,12.0
,9,1433.0,9.0,9.0
,159,38.0,12.0,25.0
,208,1790.0,73.0,56.0
,73,21.0,30.0,19.0
,46,12.0,30.0,14.0
,16,9.0,29.0,153.0
,27,18.0,81.0,29.0
,66,969.0,9.0,100.0
,98,68.0,256.0,71.0
,356,1260.0,12.0,12.0
,99,35.0,172.0,38.0
,43,28.0,74.0,12.0
,473,25.0,32.0,45.0
,23,54.0,35.0,9.0
,106,36.0,44.0,42.0
,31,21.0,15.0,79.0
,9,12.0,114.0,9.0
,48,80.0,9.0,59.0
,127,12.0,33.0,9.0
,140,14.0,9.0,26.0
,154,15.0,15.0,18.0
,87,15.0,49.0,9.0
,35,16.0,46.0,83.0
,162,19.0,12.0,18.0
,18,15.0,12.0,41.0
,76,12.0,20.0,28.0
,47,9.0,16.0,33.0
,87,428.0,24.0,9.0
,9,75.0,9.0,9.0
,190,70.0,14.0,60.0
,15,76.0,18.0,53.0
,408,60.0,18.0,9.0
,197,9.0,24.0,22.0
,30,15.0,24.0,135.0
,422,167.0,12.0,190.0
,57,70.0,170.0,41.0
,62,9.0,9.0,9.0
,31,26.0,93.0,57.0
,85,33.0,9.0,9.0
,9,12.0,27.0,14.0
,26,21.0,9.0,76.0
,23,440.0,15.0,9.0
,59,88.0,47.0,9.0
,86,106.0,9.0,1790.0
,15,16.0,32.0,29.0
,52,51.0,9.0,9.0
,1139,15.0,19.0,9.0
,180,55.0,71.0,21.0
,24,30.0,9.0,32.0
,126,32.0,9.0,18.0
,76,31.0,9.0,18.0
,71,35.0,23.0,9.0
,87,36.0,65.0,19.0
,35,36.0,36.0,23.0
,18,31.0,29.0,113.0
,9,15.0,31.0,51.0
,244,15.0,199.0,42.0
,71,51.0,37.0,9.0
,88,21.0,254.0,79.0
,88,52.0,16.0,102.0
,16,95.0,9.0,214.0
,32,9.0,189.0,97.0
,20,92.0,9.0,15.0
,436,49.0,49.0,12.0
,91,69.0,36.0,100.0
,9,18.0,24.0,9.0
,36,15.0,17.0,9.0
,31,18.0,12.0,139.0
,166,15.0,27.0,12.0
,547,12.0,26.0,130.0
,196,9.0,32.0,12.0
,272,12.0,148.0,116.0
,12,9.0,25.0,26.0
,82,12.0,20.0,85.0
,172,16.0,151.0,30.0
,295,12.0,31.0,99.0
,266,66.0,9.0,40.0
,47,12.0,27.0,21.0
,23,9.0,9.0,31.0
,55,15.0,9.0,70.0
,42,12.0,36.0,9.0
,365,30.0,19.0,50.0
,141,12.0,12.0,28.0
,129,38.0,9.0,29.0
,34,12.0,15.0,18.0
,26,15.0,38.0,9.0
,104,33.0,102.0,17.0
,41,37.0,32.0,40.0
,36,32.0,15.0,112.0
,126,32.0,9.0,15.0
,90,32.0,9.0,32.0
,9,54.0,9.0,29.0
,35,9.0,70.0,24.0
,154,9.0,25.0,359.0
,39,12.0,22.0,40.0
,33,12.0,315.0,383.0
,25,12.0,28.0,32.0
,30,12.0,54.0,15.0
,74,29.0,66.0,12.0
,19,21.0,15.0,261.0
,67,12.0,14.0,61.0
,14,12.0,68.0,32.0
,145,9.0,9.0,21.0
,64,46.0,34.0,28.0
,184,,12.0,49.0
,31,,56.0,19.0
,102,,79.0,9.0
,30,,19.0,23.0
,17,,21.0,9.0
,164,,168.0,24.0
,216,,9.0,82.0
,56,,509.0,15.0
,128,,47.0,55.0
,38,,6.0,43.0
,501,,22.0,12.0
,119,,12.0,26.0
,9,,23.0,91.0
,9,,12.0,18.0
,117,,39.0,37.0
,44,,60.0,15.0
,48,,40.0,24.0
,42,,36.0,12.0
,78,,46.0,42.0
,23,,111.0,29.0
,9,,103.0,9.0
,97,,9.0,9.0
,49,,9.0,56.0
,107,,35.0,9.0
,61,,9.0,31.0
,116,,691.0,67.0
,40,,9.0,9.0
,22,,23.0,22.0
,12,,15.0,32.0
,9,,15.0,15.0
,37,,146.0,40.0
,64,,12.0,18.0
,29,,27.0,9.0
,65,,19.0,12.0
,327,,9.0,114.0
,55,,24.0,17.0
,139,,12.0,44.0
,45,,56.0,463.0
,199,,30.0,134.0
,59,,20.0,32.0
,35,,19.0,37.0
,23,,19.0,60.0
,41,,43.0,54.0
,29,,9.0,26.0
,45,,15.0,102.0
,147,,30.0,12.0
,87,,9.0,12.0
,83,,28.0,15.0
,117,,9.0,80.0
,103,,29.0,9.0
,461,,21.0,23.0
,210,,21.0,377.0
,66,,48.0,30.0
,12,,41.0,19.0
,41,,12.0,123.0
,86,,38.0,105.0
,125,,40.0,91.0
,17,,438.0,21.0
,21,,37.0,49.0
,37,,55.0,51.0
,71,,56.0,18.0
,621,,36.0,22.0
,9,,41.0,9.0
,15,,15.0,33.0
,19,,282.0,9.0
,309,,22.0,15.0
,37,,31.0,52.0
,9,,28.0,51.0
,89,,34.0,21.0
,21,,134.0,76.0
,63,,12.0,29.0
,93,,29.0,94.0
,71,,15.0,22.0
,321,,33.0,67.0
,76,,9.0,12.0
,24,,28.0,68.0
,657,,14.0,38.0
,35,,41.0,90.0
,106,,25.0,24.0
,989,,65.0,14.0
,78,,12.0,114.0
,74,,9.0,147.0
,38,,12.0,21.0
,73,,55.0,9.0
,900,,30.0,42.0
,53,,9.0,9.0
,94,,33.0,323.0
,265,,24.0,61.0
,52,,29.0,18.0
,327,,9.0,9.0
,26,,24.0,12.0
,68,,12.0,9.0
,65,,24.0,231.0
,95,,24.0,82.0
,81,,81.0,29.0
,66,,34.0,39.0
,125,,33.0,18.0
,548,,65.0,65.0
,75,,135.0,12.0
,47,,18.0,15.0
,9,,24.0,65.0
,68,,30.0,12.0
,31,,9.0,6.0
,121,,50.0,9.0
,50,,59.0,29.0
,109,,21.0,28.0
,50,,48.0,42.0
,66,,24.0,164.0
,21,,60.0,23.0
,49,,12.0,34.0
,72,,12.0,24.0
,9,,9.0,17.0
,103,,67.0,60.0
,87,,9.0,12.0
,9,,29.0,25.0
,35,,22.0,9.0
,55,,443.0,9.0
,33,,15.0,40.0
,18,,24.0,171.0
,24,,25.0,14.0
,245,,71.0,89.0
,18,,372.0,82.0
,112,,73.0,20.0
,19,,19.0,26.0
,121,,12.0,42.0
,191,,115.0,42.0
,49,,14.0,353.0
,9,,12.0,14.0
,74,,25.0,59.0
,113,,59.0,290.0
,84,,12.0,62.0
,54,,9.0,264.0
,70,,35.0,93.0
,79,,42.0,60.0
,12,,65.0,9.0
,78,,9.0,149.0
,369,,32.0,16.0
,60,,77.0,32.0
,228,,15.0,42.0
,15,,15.0,15.0
,143,,9.0,36.0
,149,,9.0,86.0
,40,,39.0,18.0
,27,,56.0,9.0
,21,,9.0,9.0
,158,,131.0,9.0
,283,,22.0,15.0
,605,,407.0,23.0
,38,,24.0,160.0
,177,,57.0,31.0
,42,,316.0,9.0
,68,,15.0,15.0
,17,,141.0,36.0
,102,,21.0,50.0
,173,,29.0,25.0
,12,,1046.0,27.0
,33,,24.0,78.0
,44,,25.0,29.0
,41,,83.0,9.0
,44,,113.0,51.0
,50,,51.0,38.0
,14,,9.0,22.0
,25,,14.0,147.0
,56,,9.0,12.0
,248,,12.0,6.0
,46,,18.0,47.0
,167,,15.0,383.0
,37,,12.0,9.0
,207,,12.0,43.0
,126,,18.0,95.0
,48,,73.0,15.0
,247,,57.0,9.0
,213,,65.0,18.0
,58,,24.0,44.0
,28,,259.0,19.0
,37,,9.0,199.0
,290,,9.0,4868.0
,44,,381.0,33.0
,21,,12.0,29.0
,213,,44.0,21.0
,21,,9.0,9.0
,24,,9.0,70.0
,74,,27.0,9.0
,64,,19.0,22.0
,45,,33.0,34.0
,41,,17.0,9.0
,91,,9.0,9.0
,9,,14.0,9.0
,43,,14.0,9.0
,186,,9.0,9.0
,70,,48.0,31.0
,9,,35.0,12.0
,135,,9.0,244.0
,41,,110.0,9.0
,22,,15.0,12.0
,12,,18.0,120.0
,130,,9.0,110.0
,666,,15.0,23.0
,56,,9.0,41.0
,268,,24.0,188.0
,22,,27.0,9.0
,185,,32.0,9.0
,855,,42.0,25.0
,9,,19.0,28.0
,26,,23.0,9.0
,118,,29.0,329.0
,89,,111.0,76.0
,37,,9.0,38.0
,65,,263.0,9.0
,67,,12.0,21.0
,9,,23.0,89.0
,28,,9.0,53.0
,56,,33.0,75.0
,651,,34.0,12.0
,197,,9.0,46.0
,61,,15.0,369.0
,998,,9.0,37.0
,27,,9.0,76.0
,149,,9.0,9.0
,145,,181.0,12.0
,61,,15.0,12.0
,726,,111.0,12.0
,26,,15.0,9.0
,40,,9.0,266.0
,37,,48.0,12.0
,16,,9.0,57.0
,215,,9.0,146.0
,18,,47.0,230.0
,40,,14.0,9.0
,249,,22.0,28.0
,260,,12.0,123.0
,33,,9.0,51.0
,22,,37.0,22.0
,33,,18.0,9.0
,27,,9.0,26.0
,9,,18.0,9.0
,288,,29.0,12.0
,299,,27.0,9.0
,51,,150.0,137.0
,645,,76.0,9.0
,102,,18.0,30.0
,108,,115.0,12.0
,96,,67.0,336.0
,103,,31.0,12.0
,178,,9.0,9.0
,16,,60.0,120.0
,12,,31.0,242.0
,129,,15.0,9.0
,86,,12.0,110.0
,78,,36.0,43.0
,12,,26.0,19.0
,12,,9.0,89.0
,54,,14.0,9.0
,18,,27.0,20.0
,59,,51.0,47.0
,58,,428.0,190.0
,45,,310.0,12.0
,40,,9.0,122.0
,15,,19.0,9.0
,197,,30.0,9.0
,9,,9.0,9.0
,66,,33.0,9.0
,74,,12.0,18.0
,95,,12.0,63.0
,28,,44.0,70.0
,21,,21.0,19.0
,149,,9.0,15.0
,1287,,32.0,20.0
,660,,49.0,40.0
,165,,64.0,91.0
,33,,121.0,27.0
,221,,27.0,24.0
,26,,12.0,18.0
,165,,27.0,15.0
,12,,71.0,9.0
,126,,17.0,9.0
,51,,16.0,43.0
,181,,96.0,22.0
,232,,18.0,14.0
,56,,12.0,12.0
,390,,9.0,9.0
,118,,140.0,12.0
,683,,9.0,25.0
,45,,9.0,40.0
,68,,9.0,9.0
,16,,538.0,19.0
,178,,22.0,51.0
,9,,9.0,18.0
,305,,12.0,68.0
,339,,204.0,23.0
,81,,9.0,32.0
,30,,17.0,22.0
,117,,15.0,12.0
,135,,12.0,32.0
,18,,12.0,23.0
,71,,51.0,18.0
,12,,47.0,9.0
,15,,9.0,59.0
,127,,24.0,38.0
,15,,14.0,116.0
,29,,20.0,9.0
,14,,18.0,9.0
,24,,15.0,57.0
,220,,9.0,9.0
,33,,108.0,48.0
,68,,9.0,9.0
,30,,78.0,34.0
,43,,36.0,18.0
,9,,16.0,34.0
,54,,171.0,9.0
,12,,9.0,47.0
,29,,9.0,31.0
,32,,26.0,9.0
,452,,30.0,17.0
,173,,9.0,9.0
,217,,14.0,23.0
,12,,9.0,18.0
,45,,160.0,9.0
,311,,9.0,28.0
,26,,6.0,33.0
,40,,9.0,21.0
,596,,33.0,9.0
,309,,9.0,25.0
,57,,27.0,22.0
,25,,33.0,9.0
,83,,9.0,32.0
,18,,9.0,9.0
,31,,14.0,17.0
,28,,98.0,31.0
,252,,9.0,9.0
,17,,116.0,12.0
,64,,9.0,12.0
,69,,17.0,12.0
,12,,51.0,15.0
,26,,15.0,9.0
,77,,21.0,15.0
,346,,16.0,9.0
,68,,12.0,18.0
,9,,27.0,9.0
,48,,38.0,15.0
,110,,24.0,12.0
,120,,443.0,36.0
,9,,9.0,88.0
,21,,9.0,9.0
,51,,845.0,12.0
,83,,40.0,15.0
,219,,72.0,9.0
,52,,22.0,12.0
,189,,33.0,9.0
,35,,9.0,6.0
,60,,12.0,
,112,,26.0,
,34,,17.0,
,187,,92.0,
,15,,9.0,
,104,,9.0,
,32,,48.0,
,150,,18.0,
,82,,15.0,
,66,,31.0,
,15,,39.0,
,12,,15.0,
,953,,9.0,
,80,,43.0,
,285,,9.0,
,9,,41.0,
,118,,15.0,
,9,,55.0,
,86,,189.0,
,135,,9.0,
,12,,66.0,
,37,,100.0,
,106,,31.0,
,91,,14.0,
,18,,15.0,
,82,,24.0,
,9,,9.0,
,129,,73.0,
,157,,27.0,
,9,,25.0,
,207,,9.0,
,12,,15.0,
,104,,12.0,
,9,,9.0,
,79,,20.0,
,35,,29.0,
,75,,18.0,
,9,,23.0,
,49,,9.0,
,38,,14.0,
,54,,57.0,
,18,,12.0,
,14,,15.0,
,59,,26.0,
,172,,42.0,
,12,,329.0,
,48,,14.0,
,172,,68.0,
,281,,43.0,
,56,,12.0,
,62,,21.0,
,43,,22.0,
,86,,28.0,
,197,,29.0,
,478,,36.0,
,15,,21.0,
,9,,22.0,
,730,,49.0,
,25,,23.0,
,541,,257.0,
,74,,19.0,
,9,,26.0,
,32,,12.0,
,15,,66.0,
,21,,14.0,
,12,,116.0,
,202,,18.0,
,96,,249.0,
,138,,15.0,
,316,,48.0,
,44,,44.0,
,59,,294.0,
,60,,54.0,
,19,,19.0,
,39,,428.0,
,43,,9.0,
,155,,105.0,
,68,,40.0,
,73,,124.0,
,19,,9.0,
,18,,9.0,
,818,,9.0,
,36,,12.0,
,418,,42.0,
,382,,9.0,
,38,,9.0,
,24,,18.0,
,32,,25.0,
,44,,19.0,
,38,,100.0,
,23,,38.0,
,43,,24.0,
,12,,9.0,
,9,,9.0,
,285,,151.0,
,332,,21.0,
,30,,9.0,
,64,,12.0,
,88,,15.0,
,141,,653.0,
,111,,63.0,
,170,,12.0,
,117,,9.0,
,12,,9.0,
,194,,48.0,
,83,,61.0,
,94,,9.0,
,41,,12.0,
,24,,26.0,
,62,,18.0,
,27,,70.0,
,85,,9.0,
,452,,12.0,
,50,,9.0,
,104,,21.0,
,162,,28.0,
,21,,9.0,
,83,,9.0,
,63,,18.0,
,14,,279.0,
,249,,9.0,
,44,,12.0,
,85,,13092.0,
,85,,9.0,
,9,,28.0,
,199,,15.0,
,42,,9.0,
,9,,23.0,
,109,,18.0,
,42,,15.0,
,495,,9.0,
,9,,20.0,
,37,,20.0,
,94,,27.0,
,438,,18.0,
,28,,18.0,
,183,,25.0,
,55,,381.0,
,9,,48.0,
,56,,30.0,
,73,,18.0,
,179,,34.0,
,18,,37.0,
,174,,9.0,
,33,,9.0,
,33,,9.0,
,81,,248.0,
,71,,47.0,
,9,,23.0,
,150,,112.0,
,39,,9.0,
,75,,84.0,
,563,,9.0,
,62,,160.0,
,24,,56.0,
,20,,35.0,
,108,,12.0,
,24,,12.0,
,496,,9.0,
,41,,52.0,
,48,,40.0,
,12,,17.0,
,30,,9.0,
,41,,25.0,
,83,,9.0,
,1728,,23.0,
,22,,25.0,
,42,,31.0,
,53,,9.0,
,110,,22.0,
,114,,15.0,
,35,,21.0,
,12,,24.0,
,207,,9.0,
,196,,23.0,
,83,,9.0,
,160,,17.0,
,9,,9.0,
,151,,63.0,
,9,,23.0,
,22,,15.0,
,32,,40.0,
,73,,21.0,
,30,,38.0,
,108,,19.0,
,15,,9.0,
,55,,451.0,
,545,,279.0,
,156,,9.0,
,62,,102.0,
,82,,18.0,
,52,,21.0,
,46,,9.0,
,1838,,42.0,
,191,,12.0,
,24,,89.0,
,29,,9.0,
,167,,40.0,
,39,,51.0,
,18,,24.0,
,9,,168.0,
,12,,9.0,
,215,,24.0,
,37,,31.0,
,219,,9.0,
,175,,9.0,
,9,,12.0,
,38,,71.0,
,19,,12.0,
,145,,18.0,
,139,,106.0,
,12,,16.0,
,33,,43.0,
,19,,27.0,
,12,,43.0,
,236,,41.0,
,230,,77.0,
,147,,72.0,
,153,,9.0,
,76,,15.0,
,40,,87.0,
,258,,14.0,
,62,,9.0,
,16,,61.0,
,23,,12.0,
,50,,43.0,
,69,,9.0,
,17,,9.0,
,9,,20.0,
,130,,27.0,
,103,,15.0,
,119,,82.0,
,23,,20.0,
,23,,22.0,
,12,,9.0,
,247,,9.0,
,53,,22.0,
,102,,9.0,
,75,,19.0,
,15,,9.0,
,245,,9.0,
,139,,95.0,
,223,,9.0,
,474,,17.0,
,93,,43.0,
,67,,249.0,
,54,,24.0,
,20,,55.0,
,57,,12.0,
,34,,12.0,
,39,,56.0,
,19,,9.0,
,49,,12.0,
,167,,43.0,
,28,,33.0,
,52,,59.0,
,425,,26.0,
,82,,23.0,
,69,,18.0,
,127,,9.0,
,112,,33.0,
,18,,56.0,
,337,,14.0,
,177,,43.0,
,401,,18.0,
,65,,32.0,
,9,,41.0,
,15,,12.0,
,15,,15.0,
,36,,12.0,
,76,,29.0,
,14,,9.0,
,929,,15.0,
,26,,9.0,
,18,,9.0,
,164,,9.0,
,67,,9.0,
,162,,15.0,
,20,,24.0,
,919,,44.0,
,334,,12.0,
,141,,21.0,
,25,,6.0,
,91,,20.0,
,47,,67.0,
,9,,17.0,
,87,,9.0,
,307,,9.0,
,38,,17.0,
,30,,9.0,
,62,,15.0,
,134,,12.0,
,91,,12.0,
,88,,9.0,
,166,,10.0,
,41,,21.0,
,18,,15.0,
,23,,25.0,
,56,,12.0,
,93,,12.0,
,50,,65.0,
,31,,21.0,
,64,,1550.0,
,9,,9.0,
,36,,58.0,
,17,,16.0,
,110,,10.0,
,18,,6.0,
,78,,14.0,
,9,,6.0,
,48,,8.0,
,174,,8.0,
,51,,6.0,
,18,,8.0,
,66,,6.0,
,153,,,
,65,,,
,9,,,
,200,,,
,15,,,
,55,,,
,25,,,
,19,,,
,226,,,
,25,,,
,75,,,
,361,,,
,25,,,
,15,,,
,15,,,
,152,,,
,48,,,
,33,,,
,27,,,
,48,,,
,94,,,
,101,,,
,337,,,
,29,,,
,32,,,
,38,,,
,285,,,
,162,,,
,105,,,
,39,,,
,99,,,
,9,,,
,29,,,
,120,,,
,32,,,
,129,,,
,9,,,
,28,,,
,81,,,
,62,,,
,197,,,
,74,,,
,30,,,
,122,,,
,83,,,
,15,,,
,151,,,
,40,,,
,33,,,
,17,,,
,168,,,
,865,,,
,9,,,
,16,,,
,135,,,
,155,,,
,154,,,
,55,,,
,97,,,
,9,,,
,28,,,
,386,,,
,30,,,
,48,,,
,38,,,
,12,,,
,381,,,
,211,,,
,19,,,
,31,,,
,154,,,
,9,,,
,137,,,
,77,,,
,45,,,
,136,,,
,19,,,
,89,,,
,16,,,
,64,,,
,235,,,
,144,,,
,284,,,
,150,,,
,20,,,
,89,,,
,256,,,
,36,,,
,149,,,
,222,,,
,33,,,
,9,,,
,66,,,
,293,,,
,81,,,
,9,,,
,25,,,
,258,,,
,24,,,
,40,,,
,50,,,
,15,,,
,342,,,
,28,,,
,226,,,
,12,,,
,75,,,
,24,,,
,9,,,
,244,,,
,39,,,
,73,,,
,86,,,
,133,,,
,112,,,
,69,,,
,29,,,
,19,,,
,15,,,
,47,,,
,55,,,
,9,,,
,48,,,
,18,,,
,190,,,
,27,,,
,9,,,
,12,,,
,36,,,
,15,,,
,184,,,
,145,,,
,9,,,
,50,,,
,555,,,
,36,,,
,12,,,
,107,,,
,69,,,
,34,,,
,35,,,
,58,,,
,51,,,
,474,,,
,375,,,
,167,,,
,30,,,
,441,,,
,199,,,
,76,,,
,60,,,
,445,,,
,242,,,
,9,,,
,23,,,
,176,,,
,65,,,
,31,,,
,495,,,
,462,,,
,130,,,
,75,,,
,239,,,
,136,,,
,55,,,
,55,,,
,147,,,
,37,,,
,311,,,
,9,,,
,12,,,
,16,,,
,761,,,
,41,,,
,105,,,
,36,,,
,118,,,
,925,,,
,75,,,
,64,,,
,60,,,
,36,,,
,45,,,
,55,,,
,24,,,
,151,,,
,905,,,
,111,,,
,286,,,
,20,,,
,76,,,
,84,,,
,18,,,
,78,,,
,64,,,
,27,,,
,21,,,
,30,,,
,20,,,
,9,,,
,533,,,
,176,,,
,95,,,
,47,,,
,352,,,
,155,,,
,86,,,
,43,,,
,15,,,
,32,,,
,42,,,
,86,,,
,46,,,
,28,,,
,38,,,
,197,,,
,46,,,
,12,,,
,97,,,
,66,,,
,93,,,
,64,,,
,154,,,
,9,,,
,21,,,
,22,,,
,131,,,
,15,,,
,12,,,
,235,,,
,15,,,
,12,,,
,62,,,
,35,,,
,15,,,
,26,,,
,47,,,
,161,,,
,39,,,
,205,,,
,9,,,
,929,,,
,112,,,
,30,,,
,46,,,
,44,,,
,109,,,
,19,,,
,337,,,
,144,,,
,22,,,
,603,,,
,9,,,
,9,,,
,72,,,
,295,,,
,260,,,
,14,,,
,560,,,
,9,,,
,24,,,
,281,,,
,44,,,
,22,,,
,28,,,
,107,,,
,168,,,
,95,,,
,160,,,
,36,,,
,26,,,
,18,,,
,30,,,
,39,,,
,38,,,
,15,,,
,9,,,
,12,,,
,43,,,
,149,,,
,72,,,
,299,,,
,21,,,
,169,,,
,12,,,
,26,,,
,35,,,
,94,,,
,48,,,
,18,,,
,185,,,
,226,,,
,27,,,
,49,,,
,84,,,
,30,,,
,53,,,
,271,,,
,33,,,
,25,,,
,17,,,
,120,,,
,12,,,
,15,,,
,15,,,
,33,,,
,41,,,
,9,,,
,265,,,
,32,,,
,729,,,
,9,,,
,61,,,
,28,,,
,96,,,
,89,,,
,16,,,
,37,,,
,157,,,
,23,,,
,103,,,
,87,,,
,71,,,
,68,,,
,9,,,
,9,,,
,80,,,
,57,,,
,9,,,
,39,,,
,64,,,
,675,,,
,3777,,,
,74,,,
,166,,,
,15,,,
,9,,,
,564,,,
,74,,,
,25,,,
,204,,,
,15,,,
,82,,,
,45,,,
,27,,,
,48,,,
,287,,,
,84,,,
,78,,,
,251,,,
,165,,,
,9,,,
,107,,,
,15,,,
,54,,,
,63,,,
,12,,,
,80,,,
,127,,,
,68,,,
,87,,,
,174,,,
,39,,,
,31,,,
,68,,,
,61,,,
,81,,,
,15,,,
,50,,,
,22,,,
,53,,,
,182,,,
,18,,,
,1436,,,
,23,,,
,9,,,
,516,,,
,680,,,
,72,,,
,305,,,
,120,,,
,274,,,
,563,,,
,39,,,
,70,,,
,9,,,
,12,,,
,63,,,
,15,,,
,91,,,
,26,,,
,99,,,
,31,,,
,84,,,
,105,,,
,17,,,
,234,,,
,88,,,
,9,,,
,386,,,
,15,,,
,27,,,
,39,,,
,9,,,
,51,,,
,192,,,
,9,,,
,262,,,
,14,,,
,40,,,
,86,,,
,203,,,
,27,,,
,12,,,
,43,,,
,394,,,
,29,,,
,305,,,
,30,,,
,51,,,
,350,,,
,20,,,
,296,,,
,34,,,
,118,,,
,387,,,
,41,,,
,25,,,
,37,,,
,9,,,
,246,,,
,400,,,
,18,,,
,32,,,
,9,,,
,45,,,
,26,,,
,62,,,
,46,,,
,519,,,
,511,,,
,395,,,
,81,,,
,9,,,
,21,,,
,497,,,
,61,,,
,38,,,
,25,,,
,151,,,
,78,,,
,65,,,
,15,,,
,32,,,
,351,,,
,284,,,
,296,,,
,26,,,
,38,,,
,25,,,
,193,,,
,9,,,
,32,,,
,146,,,
,43,,,
,15,,,
,242,,,
,136,,,
,43,,,
,21,,,
,64,,,
,65,,,
,78,,,
,133,,,
,230,,,
,48,,,
,15,,,
,49,,,
,83,,,
,15,,,
,75,,,
,45,,,
,12,,,
,136,,,
,62,,,
,20,,,
,40,,,
,83,,,
,9,,,
,43,,,
,152,,,
,500,,,
,119,,,
,9,,,
,103,,,
,63,,,
,9,,,
,1192,,,
,57,,,
,12,,,
,214,,,
,9,,,
,212,,,
,28,,,
,18,,,
,67,,,
,156,,,
,25,,,
,39,,,
,43,,,
,18,,,
,76,,,
,46,,,
,814,,,
,28,,,
,176,,,
,351,,,
,37,,,
,37,,,
,9,,,
,36,,,
,202,,,
,167,,,
,27,,,
,72,,,
,469,,,
,120,,,
,351,,,
,182,,,
,37,,,
,18,,,
,77,,,
,20,,,
,27,,,
,9,,,
,109,,,
,15,,,
,26,,,
,57,,,
,90,,,
,23,,,
,32,,,
,108,,,
,20,,,
,9,,,
,119,,,
,78,,,
,202,,,
,59,,,
,9,,,
,9,,,
,31,,,
,330,,,
,9,,,
,65,,,
,84,,,
,62,,,
,25,,,
,329,,,
,133,,,
,32,,,
,30,,,
,503,,,
,197,,,
,274,,,
,92,,,
,38,,,
,12,,,
,229,,,
,449,,,
,75,,,
,26,,,
,37,,,
,101,,,
,213,,,
,106,,,
,18,,,
,876,,,
,31,,,
,9,,,
,38,,,
,387,,,
,71,,,
,122,,,
,28,,,
,75,,,
,348,,,
,9,,,
,20,,,
,41,,,
,40,,,
,9,,,
,35,,,
,146,,,
,115,,,
,15,,,
,139,,,
,49,,,
,111,,,
,45,,,
,42,,,
,32,,,
,54,,,
,428,,,
,180,,,
,53,,,
,173,,,
,32,,,
,17,,,
,15,,,
,160,,,
,28,,,
,111,,,
,9,,,
,31,,,
,24,,,
,22,,,
,46,,,
,228,,,
,9,,,
,17,,,
,23,,,
,34,,,
,36,,,
,15,,,
,42,,,
,12,,,
,51,,,
,424,,,
,64,,,
,229,,,
,115,,,
,134,,,
,9,,,
,19,,,
,17,,,
,18,,,
,122,,,
,83,,,
,79,,,
,171,,,
,17,,,
,118,,,
,20,,,
,15,,,
,588,,,
,114,,,
,83,,,
,9,,,
,15,,,
,9,,,
,12,,,
,173,,,
,182,,,
,9,,,
,71,,,
,18,,,
,53,,,
,17,,,
,36,,,
,204,,,
,62,,,
,54,,,
,185,,,
,26,,,
,19,,,
,141,,,
,51,,,
,117,,,
,107,,,
,268,,,
,150,,,
,241,,,
,35,,,
,511,,,
,19,,,
,26,,,
,265,,,
,271,,,
,12,,,
,69,,,
,17,,,
,19,,,
,23,,,
,63,,,
,61,,,
,64,,,
,48,,,
,68,,,
,96,,,
,36,,,
,32,,,
,327,,,
,18,,,
,130,,,
,32,,,
,9,,,
,50,,,
,202,,,
,66,,,
,66,,,
,36,,,
,79,,,
,9,,,
,33,,,
,205,,,
,18,,,
,253,,,
,115,,,
,23,,,
,31,,,
,62,,,
,9,,,
,73,,,
,82,,,
,9,,,
,30,,,
,64,,,
,404,,,
,133,,,
,41,,,
,15,,,
,27,,,
,103,,,
,114,,,
,52,,,
,9,,,
,68,,,
,76,,,
,36,,,
,32,,,
,38,,,
,304,,,
,36,,,
,145,,,
,93,,,
,231,,,
,9,,,
,9,,,
,43,,,
,12,,,
,58,,,
,1679,,,
,9,,,
,35,,,
,211,,,
,83,,,
,96,,,
,587,,,
,20,,,
,149,,,
,254,,,
,503,,,
,9,,,
,71,,,
,221,,,
,109,,,
,80,,,
,26,,,
,16,,,
,101,,,
,71,,,
,67,,,
,94,,,
,125,,,
,57,,,
,72,,,
,48,,,
,9,,,
,343,,,
,66,,,
,320,,,
,151,,,
,27,,,
,69,,,
,350,,,
,18,,,
,169,,,
,542,,,
,723,,,
,9,,,
,19,,,
,574,,,
,145,,,
,45,,,
,99,,,
,18,,,
,69,,,
,18,,,
,21,,,
,356,,,
,55,,,
,49,,,
,9,,,
,96,,,
,16,,,
,953,,,
,79,,,
,335,,,
,69,,,
,19,,,
,15,,,
,9,,,
,9,,,
,214,,,
,15,,,
,26,,,
,15,,,
,95,,,
,32,,,
,12,,,
,75,,,
,47,,,
,15,,,
,77,,,
,21,,,
,66,,,
,17,,,
,24,,,
,106,,,
,25,,,
,41,,,
,38,,,
,258,,,
,286,,,
,36,,,
,617,,,
,44,,,
,44,,,
,22,,,
,60,,,
,27,,,
,12,,,
,30,,,
,96,,,
,9,,,
,70,,,
,106,,,
,121,,,
,78,,,
,55,,,
,60,,,
,215,,,
,79,,,
,741,,,
,104,,,
,40,,,
,68,,,
,45,,,
,217,,,
,54,,,
,46,,,
,22,,,
,72,,,
,114,,,
,97,,,
,33,,,
,322,,,
,87,,,
,9,,,
,275,,,
,9,,,
,84,,,
,80,,,
,309,,,
,224,,,
,18,,,
,53,,,
,9,,,
,131,,,
,26,,,
,53,,,
,15,,,
,75,,,
,27,,,
,15,,,
,50,,,
,39,,,
,118,,,
,16,,,
,55,,,
,9,,,
,206,,,
,195,,,
,258,,,
,9,,,
,72,,,
,15,,,
,49,,,
,26,,,
,71,,,
,28,,,
,12,,,
,237,,,
,45,,,
,25,,,
,22,,,
,27,,,
,12,,,
,9,,,
,31,,,
,190,,,
,127,,,
,62,,,
,78,,,
,43,,,
,367,,,
,53,,,
,200,,,
,32,,,
,229,,,
,421,,,
,38,,,
,33,,,
,82,,,
,123,,,
,633,,,
,63,,,
,29,,,
,22,,,
,21,,,
,12,,,
,9,,,
,17,,,
,89,,,
,9,,,
,12,,,
,71,,,
,27,,,
,186,,,
,101,,,
,34,,,
,334,,,
,1004,,,
,219,,,
,39,,,
,27,,,
,96,,,
,258,,,
,1982,,,
,109,,,
,9,,,
,98,,,
,29,,,
,24,,,
,12,,,
,48,,,
,117,,,
,33,,,
,161,,,
,162,,,
,198,,,
,29,,,
,26,,,
,108,,,
,31,,,
,61,,,
,80,,,
,18,,,
,14,,,
,49,,,
,57,,,
,148,,,
,9,,,
,74,,,
,53,,,
,36,,,
,12,,,
,267,,,
,564,,,
,17,,,
,36,,,
,29,,,
,475,,,
,24,,,
,9,,,
,87,,,
,429,,,
,18,,,
,39,,,
,138,,,
,66,,,
,85,,,
,25,,,
,21,,,
,613,,,
,9,,,
,16,,,
,93,,,
,82,,,
,115,,,
,40,,,
,12,,,
,24,,,
,48,,,
,14,,,
,12,,,
,131,,,
,102,,,
,22,,,
,15,,,
,39,,,
,151,,,
,22,,,
,15,,,
,15,,,
,12,,,
,110,,,
,18,,,
,51,,,
,87,,,
,42,,,
,9,,,
,21,,,
,49,,,
,62,,,
,22,,,
,196,,,
,76,,,
,32,,,
,20,,,
,251,,,
,59,,,
,278,,,
,36,,,
,14,,,
,73,,,
,151,,,
,119,,,
,264,,,
,136,,,
,51,,,
,51,,,
,26,,,
,56,,,
,100,,,
,12,,,
,47,,,
,134,,,
,22,,,
,12,,,
,121,,,
,76,,,
,87,,,
,757,,,
,68,,,
,9,,,
,12,,,
,86,,,
,9,,,
,59,,,
,57,,,
,22,,,
,45,,,
,204,,,
,44,,,
,69,,,
,334,,,
,53,,,
,184,,,
,83,,,
,23,,,
,363,,,
,18,,,
,383,,,
,43,,,
,27,,,
,72,,,
,22,,,
,594,,,
,24,,,
,229,,,
,49,,,
,41,,,
,98,,,
,15,,,
,65,,,
,32,,,
,55,,,
,52,,,
,188,,,
,195,,,
,394,,,
,35,,,
,37,,,
,135,,,
,38,,,
,114,,,
,27,,,
,74,,,
,222,,,
,28,,,
,158,,,
,35,,,
,639,,,
,19,,,
,93,,,
,222,,,
,67,,,
,18,,,
,149,,,
,161,,,
,22,,,
,9,,,
,99,,,
,18,,,
,47,,,
,159,,,
,14,,,
,22,,,
,89,,,
,677,,,
,62,,,
,109,,,
,38,,,
,12,,,
,271,,,
,118,,,
,37,,,
,606,,,
,15,,,
,125,,,
,21,,,
,37,,,
,153,,,
,37,,,
,19,,,
,9,,,
,29,,,
,47,,,
,206,,,
,123,,,
,16,,,
,1929,,,
,110,,,
,9,,,
,9,,,
,102,,,
,80,,,
,106,,,
,99,,,
,53,,,
,37,,,
,75,,,
,12,,,
,18,,,
,228,,,
,33,,,
,38,,,
,22,,,
,9,,,
,89,,,
,103,,,
,78,,,
,153,,,
,52,,,
,65,,,
,25,,,
,814,,,
,14,,,
,196,,,
,27,,,
,12,,,
,17,,,
,9,,,
,97,,,
,34,,,
,137,,,
,15,,,
,530,,,
,51,,,
,9,,,
,27,,,
,682,,,
,9,,,
,15,,,
,18,,,
,30,,,
,61,,,
,15,,,
,12,,,
,98,,,
,26,,,
,83,,,
,66,,,
,9,,,
,81,,,
,163,,,
,61,,,
,14,,,
,2650,,,
,38,,,
,253,,,
,539,,,
,96,,,
,40,,,
,12,,,
,103,,,
,126,,,
,35,,,
,91,,,
,342,,,
,1345,,,
,57,,,
,29,,,
,32,,,
,86,,,
,28,,,
,74,,,
,90,,,
,30,,,
,16,,,
,54,,,
,21,,,
,45,,,
,605,,,
,189,,,
,379,,,
,80,,,
,384,,,
,176,,,
,88,,,
,121,,,
,318,,,
,66,,,
,267,,,
,56,,,
,28,,,
,39,,,
,12,,,
,85,,,
,738,,,
,66,,,
,64,,,
,1155,,,
,27,,,
,158,,,
,20,,,
,56,,,
,9,,,
,127,,,
,65,,,
,17,,,
,154,,,
,12,,,
,72,,,
,78,,,
,37,,,
,248,,,
,41,,,
,44,,,
,18,,,
,232,,,
,68,,,
,36,,,
,49,,,
,172,,,
,67,,,
,29,,,
,45,,,
,12,,,
,22,,,
,24,,,
,104,,,
,42,,,
,54,,,
,41,,,
,39,,,
,35,,,
,68,,,
,35,,,
,229,,,
,9,,,
,9,,,
,26,,,
,12,,,
,171,,,
,250,,,
,113,,,
,34,,,
,93,,,
,27,,,
,70,,,
,24,,,
,12,,,
,23,,,
,144,,,
,26,,,
,377,,,
,75,,,
,31,,,
,86,,,
,9,,,
,12,,,
,9,,,
,72,,,
,9,,,
,67,,,
,12,,,
,109,,,
,1271,,,
,22,,,
,96,,,
,90,,,
,123,,,
,71,,,
,86,,,
,9,,,
,29,,,
,78,,,
,174,,,
,82,,,
,249,,,
,484,,,
,40,,,
,24,,,
,12,,,
,17,,,
,9,,,
,96,,,
,311,,,
,241,,,
,92,,,
,56,,,
,12,,,
,56,,,
,14,,,
,22,,,
,76,,,
,34,,,
,468,,,
,15,,,
,78,,,
,34,,,
,12,,,
,9,,,
,184,,,
,202,,,
,9,,,
,41,,,
,185,,,
,171,,,
,46,,,
,126,,,
,78,,,
,84,,,
,50,,,
,131,,,
,28,,,
,308,,,
,46,,,
,73,,,
,108,,,
,110,,,
,72,,,
,259,,,
,70,,,
,265,,,
,48,,,
,495,,,
,25,,,
,77,,,
,123,,,
,366,,,
,52,,,
,49,,,
,51,,,
,49,,,
,65,,,
,16,,,
,61,,,
,214,,,
,28,,,
,36,,,
,81,,,
,112,,,
,107,,,
,135,,,
,15,,,
,128,,,
,9,,,
,28,,,
,137,,,
,9,,,
,167,,,
,218,,,
,684,,,
,38,,,
,52,,,
,152,,,
,104,,,
,25,,,
,19,,,
,51,,,
,9,,,
,234,,,
,36,,,
,204,,,
,117,,,
,59,,,
,76,,,
,31,,,
,417,,,
,60,,,
,9,,,
,312,,,
,12,,,
,22,,,
,850,,,
,80,,,
,39,,,
,26,,,
,117,,,
,61,,,
,61,,,
,35,,,
,9,,,
,97,,,
,64,,,
,82,,,
,28,,,
,266,,,
,31,,,
,66,,,
,85,,,
,44,,,
,47,,,
,9,,,
,14,,,
,164,,,
,20,,,
,16,,,
,49,,,
,15,,,
,32,,,
,81,,,
,28,,,
,93,,,
,19,,,
,12,,,
,227,,,
,28,,,
,57,,,
,104,,,
,12,,,
,78,,,
,259,,,
,68,,,
,97,,,
,9,,,
,157,,,
,29,,,
,74,,,
,9,,,
,27,,,
,9,,,
,18,,,
,35,,,
,48,,,
,9,,,
,609,,,
,34,,,
,30,,,
,14,,,
,535,,,
,26,,,
,26,,,
,50,,,
,44,,,
,1119,,,
,424,,,
,182,,,
,403,,,
,434,,,
,137,,,
,9,,,
,32,,,
,9,,,
,18,,,
,190,,,
,12,,,
,24,,,
,109,,,
,118,,,
,46,,,
,38,,,
,33,,,
,35,,,
,321,,,
,653,,,
,68,,,
,58,,,
,21,,,
,785,,,
,58,,,
,20,,,
,198,,,
,52,,,
,9,,,
,12,,,
,116,,,
,48,,,
,18,,,
,92,,,
,28,,,
,121,,,
,90,,,
,108,,,
,41,,,
,133,,,
,56,,,
,58,,,
,487,,,
,46,,,
,52,,,
,46,,,
,61,,,
,76,,,
,172,,,
,84,,,
,44,,,
,376,,,
,119,,,
,387,,,
,1290,,,
,28,,,
,36,,,
,136,,,
,52,,,
,310,,,
,56,,,
,278,,,
,34,,,
,36,,,
,37,,,
,34,,,
,123,,,
,189,,,
,163,,,
,81,,,
,16,,,
,83,,,
,49,,,
,49,,,
,9,,,
,132,,,
,161,,,
,108,,,
,112,,,
,89,,,
,97,,,
,137,,,
,33,,,
,80,,,
,179,,,
,97,,,
,48,,,
,88,,,
,263,,,
,54,,,
,82,,,
,270,,,
,583,,,
,23,,,
,31,,,
,422,,,
,41,,,
,104,,,
,380,,,
,113,,,
,34,,,
,190,,,
,45,,,
,263,,,
,68,,,
,222,,,
,71,,,
,21,,,
,214,,,
,100,,,
,78,,,
,70,,,
,486,,,
,76,,,
,9,,,
,29,,,
,55,,,
,214,,,
,48,,,
,36,,,
,70,,,
,71,,,
,440,,,
,61,,,
,133,,,
,9,,,
,37,,,
,93,,,
,101,,,
,81,,,
,59,,,
,19,,,
,9,,,
,61,,,
,99,,,
,134,,,
,54,,,
,306,,,
,110,,,
,175,,,
,190,,,
,1158,,,
,170,,,
,9,,,
,27,,,
,16,,,
,193,,,
,183,,,
,40,,,
,12,,,
,48,,,
,165,,,
,32,,,
,45,,,
,61,,,
,338,,,
,48,,,
,75,,,
,40,,,
,90,,,
,9,,,
,560,,,
,34,,,
,640,,,
,98,,,
,81,,,
,106,,,
,79,,,
,80,,,
,57,,,
,105,,,
,82,,,
,42,,,
,116,,,
,89,,,
,25,,,
,101,,,
,33,,,
,103,,,
,46,,,
,18,,,
,12,,,
,124,,,
,39,,,
,26,,,
,68,,,
,22,,,
,78,,,
,194,,,
,187,,,
,63,,,
,15,,,
,82,,,
,20,,,
,26,,,
,9,,,
,106,,,
,183,,,
,162,,,
,26,,,
,21,,,
,105,,,
,9,,,
,329,,,
,112,,,
,67,,,
,15,,,
,56,,,
,22,,,
,17,,,
,9,,,
,21,,,
,497,,,
,353,,,
,140,,,
,36,,,
,156,,,
,68,,,
,18,,,
,25,,,
,32,,,
,25,,,
,129,,,
,74,,,
,385,,,
,142,,,
,151,,,
,35,,,
,34,,,
,453,,,
,681,,,
,55,,,
,12,,,
,30,,,
,49,,,
,19,,,
,14,,,
,15,,,
,22,,,
,238,,,
,140,,,
,66,,,
,54,,,
,33,,,
,19,,,
,32,,,
,18,,,
,986,,,
,50,,,
,292,,,
,33,,,
,97,,,
,215,,,
,22,,,
,124,,,
,170,,,
,25,,,
,28,,,
,193,,,
,113,,,
,203,,,
,74,,,
,813,,,
,404,,,
,9,,,
,851,,,
,59,,,
,261,,,
,21,,,
,194,,,
,145,,,
,238,,,
,18,,,
,72,,,
,122,,,
,27,,,
,9,,,
,31,,,
,31,,,
,37,,,
,9,,,
,28,,,
,173,,,
,101,,,
,88,,,
,33,,,
,40,,,
,153,,,
,68,,,
,58,,,
,45,,,
,25,,,
,38,,,
,122,,,
,21,,,
,12,,,
,1738,,,
,21,,,
,9,,,
,15,,,
,36,,,
,15,,,
,12,,,
,36,,,
,45,,,
,32,,,
,115,,,
,61,,,
,431,,,
,77,,,
,76,,,
,9,,,
,9,,,
,310,,,
,612,,,
,47,,,
,9,,,
,56,,,
,101,,,
,24,,,
,57,,,
,208,,,
,189,,,
,12,,,
,19,,,
,9,,,
,996,,,
,43,,,
,42,,,
,396,,,
,29,,,
,12,,,
,20,,,
,654,,,
,191,,,
,25,,,
,614,,,
,27,,,
,36,,,
,32,,,
,19,,,
,36,,,
,81,,,
,71,,,
,353,,,
,668,,,
,17,,,
,96,,,
,83,,,
,31,,,
,52,,,
,32,,,
,16,,,
,43,,,
,22,,,
,23,,,
,27,,,
,31,,,
,195,,,
,537,,,
,52,,,
,67,,,
,124,,,
,39,,,
,150,,,
,30,,,
,163,,,
,360,,,
,14,,,
,21,,,
,42,,,
,9,,,
,18,,,
,58,,,
,69,,,
,1568,,,
,257,,,
,12,,,
,244,,,
,326,,,
,42,,,
,74,,,
,78,,,
,83,,,
,152,,,
,66,,,
,108,,,
,9,,,
,374,,,
,19,,,
,68,,,
,20,,,
,218,,,
,89,,,
,50,,,
,43,,,
,326,,,
,176,,,
,574,,,
,91,,,
,58,,,
,9,,,
,9,,,
,85,,,
,29,,,
,795,,,
,12,,,
,45,,,
,180,,,
,12,,,
,32,,,
,64,,,
,74,,,
,95,,,
,199,,,
,39,,,
,186,,,
,53,,,
,18,,,
,69,,,
,52,,,
,93,,,
,543,,,
,967,,,
,243,,,
,57,,,
,38,,,
,92,,,
,163,,,
,97,,,
,161,,,
,30,,,
,48,,,
,130,,,
,223,,,
,18,,,
,53,,,
,16,,,
,226,,,
,70,,,
,44,,,
,172,,,
,134,,,
,304,,,
,12,,,
,96,,,
,19,,,
,122,,,
,14,,,
,1362,,,
,27,,,
,97,,,
,390,,,
,229,,,
,52,,,
,35,,,
,195,,,
,192,,,
,25,,,
,57,,,
,652,,,
,108,,,
,9,,,
,143,,,
,97,,,
,9,,,
,87,,,
,33,,,
,67,,,
,117,,,
,187,,,
,21,,,
,24,,,
,31,,,
,64,,,
,25,,,
,41,,,
,321,,,
,94,,,
,191,,,
,28,,,
,323,,,
,89,,,
,107,,,
,204,,,
,109,,,
,26,,,
,309,,,
,208,,,
,776,,,
,68,,,
,407,,,
,302,,,
,30,,,
,60,,,
,696,,,
,126,,,
,241,,,
,63,,,
,9,,,
,70,,,
,31,,,
,3848,,,
,238,,,
,287,,,
,80,,,
,81,,,
,55,,,
,62,,,
,60,,,
,115,,,
,85,,,
,12,,,
,182,,,
,22,,,
,30,,,
,129,,,
,44,,,
,56,,,
,505,,,
,20,,,
,26,,,
,49,,,
,14,,,
,145,,,
,99,,,
,15,,,
,123,,,
,614,,,
,66,,,
,336,,,
,78,,,
,46,,,
,12,,,
,43,,,
,61,,,
,118,,,
,1127,,,
,56,,,
,18,,,
,14,,,
,9,,,
,12,,,
,121,,,
,47,,,
,77,,,
,12,,,
,130,,,
,33,,,
,34,,,
,28,,,
,9,,,
,9,,,
,38,,,
,175,,,
,123,,,
,12,,,
,17,,,
,341,,,
,34,,,
,23,,,
,43,,,
,356,,,
,14,,,
,54,,,
,1021,,,
,26,,,
,50,,,
,209,,,
,156,,,
,217,,,
,198,,,
,888,,,
,63,,,
,70,,,
,89,,,
,205,,,
,123,,,
,22,,,
,59,,,
,112,,,
,481,,,
,257,,,
,311,,,
,519,,,
,68,,,
,151,,,
,76,,,
,92,,,
,82,,,
,12,,,
,26,,,
,83,,,
,231,,,
,62,,,
,163,,,
,111,,,
,249,,,
,72,,,
,88,,,
,12,,,
,12,,,
,37,,,
,19,,,
,58,,,
,185,,,
,276,,,
,12,,,
,12,,,
,12,,,
,45,,,
,14,,,
,61,,,
,58,,,
,182,,,
,27,,,
,31,,,
,9,,,
,14,,,
,48,,,
,27,,,
,374,,,
,24,,,
,156,,,
,62,,,
,35,,,
,248,,,
,197,,,
,114,,,
,34,,,
,75,,,
,62,,,
,75,,,
,27,,,
,21,,,
,12,,,
,21,,,
,276,,,
,27,,,
,18,,,
,66,,,
,211,,,
,59,,,
,892,,,
,26,,,
,9,,,
,36,,,
,91,,,
,20,,,
,332,,,
,216,,,
,65,,,
,19,,,
,38,,,
,437,,,
,64,,,
,26,,,
,195,,,
,98,,,
,786,,,
,20,,,
,135,,,
,44,,,
,44,,,
,259,,,
,207,,,
,225,,,
,33,,,
,9,,,
,269,,,
,17,,,
,139,,,
,167,,,
,539,,,
,306,,,
,9,,,
,27,,,
,1185,,,
,28,,,
,9,,,
,22,,,
,27,,,
,641,,,
,205,,,
,9,,,
,949,,,
,71,,,
,49,,,
,14,,,
,14,,,
,195,,,
,376,,,
,34,,,
,75,,,
,36,,,
,65,,,
,9,,,
,86,,,
,113,,,
,21,,,
,9,,,
,52,,,
,346,,,
,15,,,
,12,,,
,114,,,
,9,,,
,12,,,
,46,,,
,105,,,
,22,,,
,29,,,
,12,,,
,110,,,
,49,,,
,234,,,
,32,,,
,72,,,
,65,,,
,63,,,
,67,,,
,23,,,
,9,,,
,40,,,
,50,,,
,45,,,
,111,,,
,24,,,
,214,,,
,21,,,
,154,,,
,244,,,
,61,,,
,538,,,
,53,,,
,466,,,
,28,,,
,9,,,
,79,,,
,91,,,
,32,,,
,123,,,
,350,,,
,9,,,
,21,,,
,170,,,
,76,,,
,12,,,
,201,,,
,34,,,
,35,,,
,52,,,
,25,,,
,24,,,
,37,,,
,21,,,
,312,,,
,51,,,
,626,,,
,31,,,
,30,,,
,50,,,
,780,,,
,21,,,
,133,,,
,293,,,
,87,,,
,209,,,
,85,,,
,662,,,
,48,,,
,21,,,
,25,,,
,51,,,
,92,,,
,47,,,
,62,,,
,59,,,
,49,,,
,9,,,
,9,,,
,32,,,
,185,,,
,9,,,
,66,,,
,44,,,
,44,,,
,126,,,
,392,,,
,206,,,
,837,,,
,15,,,
,65,,,
,67,,,
,22,,,
,363,,,
,111,,,
,39,,,
,62,,,
,63,,,
,1012,,,
,12,,,
,12,,,
,21,,,
,40,,,
,9,,,
,288,,,
,276,,,
,12,,,
,542,,,
,12,,,
,22,,,
,21,,,
,45,,,
,58,,,
,24,,,
,37,,,
,28,,,
,63,,,
,107,,,
,195,,,
,748,,,
,1336,,,
,58,,,
,18,,,
,182,,,
,90,,,
,311,,,
,67,,,
,325,,,
,47,,,
,128,,,
,77,,,
,251,,,
,12,,,
,57,,,
,18,,,
,28,,,
,46,,,
,28,,,
,19,,,
,32,,,
,23,,,
,12,,,
,74,,,
,35,,,
,19,,,
,323,,,
,61,,,
,99,,,
,38,,,
,79,,,
,84,,,
,352,,,
,36,,,
,290,,,
,9,,,
,213,,,
,72,,,
,70,,,
,175,,,
,84,,,
,12,,,
,19,,,
,61,,,
,47,,,
,34,,,
,12,,,
,47,,,
,14,,,
,49,,,
,19,,,
,35,,,
,20,,,
,28,,,
,193,,,
,100,,,
,64,,,
,43,,,
,29,,,
,198,,,
,9,,,
,9,,,
,47,,,
,15,,,
,305,,,
,101,,,
,1089,,,
,50,,,
,78,,,
,64,,,
,49,,,
,50,,,
,93,,,
,68,,,
,31,,,
,49,,,
,91,,,
,80,,,
,472,,,
,9,,,
,50,,,
,15,,,
,52,,,
,83,,,
,25,,,
,12,,,
,543,,,
,9,,,
,97,,,
,92,,,
,135,,,
,82,,,
,22,,,
,139,,,
,422,,,
,117,,,
,82,,,
,305,,,
,112,,,
,92,,,
,134,,,
,31,,,
,551,,,
,44,,,
,113,,,
,67,,,
,445,,,
,299,,,
,15,,,
,26,,,
,198,,,
,63,,,
,128,,,
,93,,,
,231,,,
,110,,,
,116,,,
,42,,,
,69,,,
,18,,,
,65,,,
,25,,,
,260,,,
,145,,,
,19,,,
,26,,,
,15,,,
,19,,,
,293,,,
,70,,,
,57,,,
,46,,,
,55,,,
,9,,,
,21,,,
,142,,,
,140,,,
,39,,,
,29,,,
,142,,,
,9,,,
,24,,,
,37,,,
,30,,,
,44,,,
,102,,,
,272,,,
,27,,,
,25,,,
,14,,,
,149,,,
,202,,,
,45,,,
,308,,,
,77,,,
,172,,,
,52,,,
,660,,,
,12,,,
,40,,,
,43,,,
,95,,,
,554,,,
,59,,,
,96,,,
,44,,,
,32,,,
,257,,,
,87,,,
,194,,,
,202,,,
,76,,,
,24,,,
,9,,,
,250,,,
,205,,,
,200,,,
,21,,,
,19,,,
,12,,,
,81,,,
,56,,,
,304,,,
,9,,,
,27,,,
,270,,,
,48,,,
,161,,,
,47,,,
,413,,,
,34,,,
,84,,,
,116,,,
,131,,,
,101,,,
,85,,,
,62,,,
,82,,,
,85,,,
,29,,,
,9,,,
,43,,,
,102,,,
,23,,,
,84,,,
,50,,,
,232,,,
,134,,,
,113,,,
,115,,,
,20,,,
,34,,,
,138,,,
,9,,,
,67,,,
,15,,,
,43,,,
,86,,,
,157,,,
,110,,,
,83,,,
,40,,,
,97,,,
,35,,,
,372,,,
,831,,,
,12,,,
,85,,,
,19,,,
,473,,,
,236,,,
,130,,,
,226,,,
,9,,,
,74,,,
,104,,,
,79,,,
,30,,,
,21,,,
,58,,,
,15,,,
,19,,,
,48,,,
,1187,,,
,15,,,
,79,,,
,362,,,
,18,,,
,198,,,
,31,,,
,50,,,
,39,,,
,157,,,
,276,,,
,96,,,
,45,,,
,235,,,
,9,,,
,243,,,
,72,,,
,12,,,
,19,,,
,171,,,
,207,,,
,129,,,
,128,,,
,244,,,
,883,,,
,65,,,
,47,,,
,196,,,
,390,,,
,58,,,
,59,,,
,98,,,
,25,,,
,83,,,
,38,,,
,122,,,
,57,,,
,9,,,
,43,,,
,28,,,
,22,,,
,74,,,
,416,,,
,9,,,
,124,,,
,19,,,
,84,,,
,111,,,
,99,,,
,9,,,
,65,,,
,154,,,
,218,,,
,69,,,
,9,,,
,319,,,
,36,,,
,45,,,
,62,,,
,28,,,
,9,,,
,77,,,
,15,,,
,19,,,
,36,,,
,389,,,
,75,,,
,159,,,
,30,,,
,36,,,
,35,,,
,495,,,
,220,,,
,178,,,
,82,,,
,68,,,
,226,,,
,56,,,
,137,,,
,452,,,
,18,,,
,218,,,
,76,,,
,34,,,
,115,,,
,875,,,
,45,,,
,20,,,
,9,,,
,46,,,
,771,,,
,40,,,
,86,,,
,332,,,
,43,,,
,400,,,
,201,,,
,30,,,
,54,,,
,39,,,
,2085,,,
,87,,,
,223,,,
,19,,,
,19,,,
,115,,,
,338,,,
,232,,,
,1488,,,
,43,,,
,9,,,
,132,,,
,57,,,
,150,,,
,15,,,
,79,,,
,53,,,
,155,,,
,26,,,
,63,,,
,158,,,
,49,,,
,184,,,
,12,,,
,48,,,
,47,,,
,18,,,
,26,,,
,82,,,
,25,,,
,62,,,
,37,,,
,46,,,
,28,,,
,292,,,
,120,,,
,49,,,
,766,,,
,40,,,
,172,,,
,27,,,
,220,,,
,194,,,
,288,,,
,134,,,
,145,,,
,112,,,
,558,,,
,61,,,
,515,,,
,36,,,
,28,,,
,646,,,
,106,,,
,438,,,
,563,,,
,473,,,
,113,,,
,38,,,
,15,,,
,629,,,
,46,,,
,28,,,
,858,,,
,18,,,
,291,,,
,201,,,
,279,,,
,122,,,
,301,,,
,156,,,
,52,,,
,15,,,
,28,,,
,178,,,
,21,,,
,65,,,
,52,,,
,111,,,
,164,,,
,102,,,
,61,,,
,1003,,,
,31,,,
,87,,,
,28,,,
,206,,,
,23,,,
,139,,,
,99,,,
,73,,,
,84,,,
,583,,,
,49,,,
,200,,,
,1117,,,
,580,,,
,37,,,
,195,,,
,22,,,
,453,,,
,12,,,
,42,,,
,58,,,
,336,,,
,167,,,
,9,,,
,278,,,
,14,,,
,325,,,
,52,,,
,9,,,
,306,,,
,58,,,
,457,,,
,27,,,
,381,,,
,95,,,
,358,,,
,81,,,
,99,,,
,131,,,
,25,,,
,74,,,
,248,,,
,12,,,
,410,,,
,623,,,
,84,,,
,15,,,
,27,,,
,18,,,
,37,,,
,21,,,
,15,,,
,249,,,
,322,,,
,46,,,
,140,,,
,48,,,
,864,,,
,674,,,
,249,,,
,138,,,
,120,,,
,169,,,
,43,,,
,267,,,
,382,,,
,25,,,
,15,,,
,41,,,
,22,,,
,174,,,
,105,,,
,44,,,
,71,,,
,77,,,
,62,,,
,160,,,
,66,,,
,29,,,
,49,,,
,24,,,
,40,,,
,65,,,
,9,,,
,19,,,
,27,,,
,72,,,
,385,,,
,113,,,
,19,,,
,55,,,
,39,,,
,237,,,
,49,,,
,267,,,
,46,,,
,17,,,
,51,,,
,176,,,
,164,,,
,297,,,
,29,,,
,39,,,
,87,,,
,226,,,
,20,,,
,12,,,
,48,,,
,9,,,
,26,,,
,436,,,
,68,,,
,66,,,
,54,,,
,12,,,
,274,,,
,294,,,
,53,,,
,547,,,
,198,,,
,142,,,
,270,,,
,210,,,
,27,,,
,56,,,
,9,,,
,9,,,
,135,,,
,203,,,
,228,,,
,9,,,
,142,,,
,171,,,
,9,,,
,286,,,
,167,,,
,98,,,
,71,,,
,12,,,
,18,,,
,15,,,
,225,,,
,19,,,
,30,,,
,38,,,
,314,,,
,12,,,
,196,,,
,32,,,
,9,,,
,125,,,
,82,,,
,53,,,
,61,,,
,226,,,
,84,,,
,266,,,
,66,,,
,126,,,
,9,,,
,172,,,
,69,,,
,92,,,
,55,,,
,60,,,
,30,,,
,15,,,
,9,,,
,30,,,
,30,,,
,17,,,
,148,,,
,49,,,
,57,,,
,19,,,
,24,,,
,65,,,
,9,,,
,74,,,
,117,,,
,18,,,
,84,,,
,55,,,
,23,,,
,9,,,
,15,,,
,162,,,
,37,,,
,47,,,
,56,,,
,63,,,
,54,,,
,78,,,
,34,,,
,82,,,
,18,,,
,50,,,
,40,,,
,41,,,
,18,,,
,46,,,
,14,,,
,35,,,
,15,,,
,12,,,
,23,,,
,37,,,
,51,,,
,35,,,
,22,,,
,9,,,
,21,,,
,17,,,
,36,,,
,22,,,
,25,,,
,26,,,
,12,,,
,12,,,
,19,,,
,9,,,
,8433,,,
,2652,,,
,3184,,,
,2626,,,
,3628,,,
,2757,,,
,569,,,
,518,,,
,529,,,
,527,,,
,154,,,
